<?xml version="1.0" encoding="UTF-8"?>
<blueprint xmlns="http://www.osgi.org/xmlns/blueprint/v1.0.0"
    xmlns:xsi="http://www.w3.org/2001/XMLSchema-instance" xsi:schemaLocation="        http://www.osgi.org/xmlns/blueprint/v1.0.0 http://www.osgi.org/xmlns/blueprint/v1.0.0/blueprint.xsd        http://camel.apache.org/schema/blueprint http://camel.apache.org/schema/blueprint/camel-blueprint.xsd">
    <bean class="com.ge.trans.loader.estp.HelloBean" id="helloBean">
        <property name="say" value="Hi from Camel"/>
    </bean>
    <camelContext id="camelContext-aa0dae27-0c06-4e58-965c-d16f9e1e038e" xmlns="http://camel.apache.org/schema/blueprint">
        <route id="timerToLog">
            <from id="_from1" uri="timer:foo?period=5000"/>
            <setBody id="_setBody1">
                <method method="hello" ref="helloBean"/>
            </setBody>
            <log id="_log1" message="The message contains ${body}"/>
            <to id="_to1" uri="mock:result"/>
        </route>
    </camelContext>
</blueprint>
