<?xml version="1.0" encoding="UTF-8"?>
<blueprint xmlns="http://www.osgi.org/xmlns/blueprint/v1.0.0" xmlns:camel="http://camel.apache.org/schema/blueprint" xmlns:xsi="http://www.w3.org/2001/XMLSchema-instance" xsi:schemaLocation="              http://www.osgi.org/xmlns/blueprint/v1.0.0 http://www.osgi.org/xmlns/blueprint/v1.0.0/blueprint.xsd              http://camel.apache.org/schema/blueprint http://camel.apache.org/schema/blueprint/camel-blueprint.xsd">
    <camel:routeContext id="brightstar-persistence-context" xmlns="http://camel.apache.org/schema/blueprint">
        <!-- NIKHEEL CHANGES -->
        <camel:route id="saveBSIncidentAndSnapshotRoute">
            <camel:description>
				This routes will store the Incident (Fault), Snapshot (MP) data by routing to endpoints direct:saveIncident,  direct:saveSnapshot
				Before routing, it updates the message with FaultObjidSequence and created by values.	        		
	        </camel:description>
            <camel:from uri="direct:saveBSIncidentAndSnapshot"/>
            <camel:log message="###  saveBSIncidentAndSnapshotRoute BEGINS  ####"/>
            <camel:setProperty propertyName="faultSnapshotWrapper">
                <simple>${body}</simple>
            </camel:setProperty>
            <camel:recipientList delimiter="~">
                <camel:simple>sql:{{insert.brightstar.selectToolsFaultSequence}}?outputType=SelectOne</camel:simple>
            </camel:recipientList>
            <camel:log loggingLevel="INFO" message="GENERATED FAULT OBJID:: [[${body}]]"/>
            <to uri="bean:org.apache.commons.beanutils.BeanUtils?method=setProperty(${property.faultSnapshotWrapper},'faultObjId',${body})"/>
            <setProperty propertyName="createdBy">
                <simple>{{loader.manual.createdby}}</simple>
            </setProperty>
            <camel:multicast parallelProcessing="false" stopOnException="true">
                <camel:to uri="direct:saveIncident"/>
                <camel:to uri="direct:saveSnapshot"/>
            </camel:multicast>
            <camel:log message="###  saveBSIncidentAndSnapshotRoute ENDS  ####"/>
        </camel:route>
        <camel:route id="saveIncidentRoute">
            <camel:description>
				This routes will store the Incident (Fault) data into gets_tools.gets_tool_fault	        		
	        </camel:description>
            <camel:from uri="direct:saveIncident"/>
            <camel:transacted ref="PROPAGATION_REQUIRED"/>
            <camel:log message=" BS INCIDENT:: ${property.faultSnapshotWrapper.locoFault}"/>
            <camel:to uri="bean:sqlParamHelper?method=createFaultRequestParam(${property.faultSnapshotWrapper},${property.createdBy})"/>
            <camel:recipientList delimiter="~">
                <camel:simple>sql:{{insert.brightstar.incident.query}}</camel:simple>
            </camel:recipientList>
        </camel:route>
        <camel:route id="saveSnapshotRoute">
            <camel:description>
				This routes will store the Snapshot (MP) data into gets_tools.gets_tool_mp_bs	        		
	        </camel:description>
            <camel:from uri="direct:saveSnapshot"/>
            <camel:transacted ref="PROPAGATION_REQUIRED"/>
            <camel:log message="SAVING BS MP :: ${property.faultSnapshotWrapper.monitoringParamMaps}"/>
            <camel:split parallelProcessing="true" stopOnException="false">
                <camel:simple>${property.faultSnapshotWrapper.monitoringParamMaps}</camel:simple>
                <camel:to uri="bean:sqlParamHelper?method=createSnapshotParams(${body},${property.faultSnapshotWrapper.faultObjId},${property.createdBy})"/>
                <camel:recipientList delimiter="~">
                    <camel:simple>sql:{{insert.brightstar.mp.query}}</camel:simple>
                </camel:recipientList>
            </camel:split>
        </camel:route>
    </camel:routeContext>
</blueprint>
