<?xml version="1.0" encoding="UTF-8"?>
<blueprint xmlns="http://www.osgi.org/xmlns/blueprint/v1.0.0" xmlns:camel="http://camel.apache.org/schema/blueprint"
    xmlns:cm="http://aries.apache.org/blueprint/xmlns/blueprint-cm/v1.0.0" xmlns:ext="http://aries.apache.org/blueprint/xmlns/blueprint-ext/v1.0.0"
    xmlns:xsi="http://www.w3.org/2001/XMLSchema-instance" xsi:schemaLocation="            http://www.osgi.org/xmlns/blueprint/v1.0.0 http://www.osgi.org/xmlns/blueprint/v1.0.0/blueprint.xsd            http://camel.apache.org/schema/blueprint http://camel.apache.org/schema/blueprint/camel-blueprint.xsd">
    <routeContext id="common-persistence-context" xmlns="http://camel.apache.org/schema/blueprint">
        <route id="findVehicleDetailsRoute">
        	<camel:description>
        			This route will fetch vehicle information (vehicle objid, customer id, vehicle no, header) based on the input request.
        	</camel:description>
            <from uri="direct:findVehicleDetails"/>
            <log loggingLevel="INFO" message="Route: findVehicleDetailsRoute Execution Started"/>
            <log loggingLevel="INFO" message="vehicle params: ${body} "/>
            <recipientList delimiter="~">
                <camel:simple>sql:{{select.vehicle.details.query}}</camel:simple>
            </recipientList>
            <log loggingLevel="INFO" message="Route: findVehicleDetailsRoute Execution Completed"/>
        </route>
        <camel:route id="getParamDefinitionDetailsRoute">
       		 <camel:description>
        			This route will fetch Bright Star Engineering params based on the input request.
        	</camel:description>
            <camel:from id="paramDetails" uri="direct:getParamDefinitionDetails"/>
            <log loggingLevel="INFO" message="Route: getParamDefinitionDetailsRoute Execution Started"/>
            <log loggingLevel="INFO" message="getParamDefinitionDetailsRoute: params: ${body} "/>
            <recipientList delimiter="~">
                <camel:simple>sql:{{select.brightstar.parmdef.query}}?outputType=SelectList</camel:simple>
            </recipientList>
            <log loggingLevel="INFO" message="Route: getParamDefinitionDetailsRoute Execution Completed"/>
        </camel:route>
        <camel:route id="findFaultCodeDefinitionRoute">
        	<camel:description>
        			This route will fetch Fault code details (fault code objid, fault code etc) for the given input request.
        	</camel:description>
            <camel:from uri="direct:findFaultCodeDefinition"/>
            <camel:log loggingLevel="DEBUG" message="Route: findFaultCodeDefinitionRoute Execution Started"/>
            <log loggingLevel="INFO" message="findFaultCodeDefinitionRoute:: params: ${body} "/>
            <camel:recipientList delimiter="~">
                <camel:simple>sql:{{find.faultcode.definition.query}}</camel:simple>
            </camel:recipientList>
            <camel:log loggingLevel="DEBUG" message="Route: findFaultCodeDefinitionRoute Execution Completed ${body}"/>
        </camel:route>
        <camel:route id="isNewFaultRoute">
        	<camel:description>
        			This route is used to check if any Incident (Fault) are already available in the DB.
        	</camel:description>
            <camel:from uri="direct:isNewFault"/>
            <log loggingLevel="INFO" message="Searching incident for locos with following columns [fault2vehicle ,fault_code, occur_date ,occur_time_msec, sub_id, controller_source_id] ${body}"/>
            <recipientList delimiter="~" id="toFaultIndexNotApplicable">
                <simple>sql:{{select.isNewFault.query}}</simple>
            </recipientList>
        </camel:route>
        <camel:route id="getRmdSysParmValueRoute">
      	  <camel:description>
        			This route is used to find values from Gets_rmd_sysparm for the given title. 
        			This route is a generic and can be used to serve request for multiple programs..
        	</camel:description>
            <camel:from uri="direct:getRmdSysParmValue"/>
            <log loggingLevel="INFO" message="getting value from gets_rmd_sysparm table for the given title"/>
            <recipientList delimiter="~">
                <simple>sql:{{select.getsrmdsysparm.value}}?outputType=SelectOne</simple>
            </recipientList>
        </camel:route>
        <camel:route id="getToolFaultRecordCountRoute">
        	<camel:description>
        			This route is used to find record count in gets_tool_fault table for the given input criteria 
        	</camel:description>
            <camel:from uri="direct:getToolFaultRecordCount"/>
            <log loggingLevel="INFO" message="direct:getToolFaultRecordCount - fetching toolsfault record count"/>
            <recipientList delimiter="~">
                <simple>sql:{{select.getstoolfault.recordcount.query}}?outputType=SelectOne</simple>
            </recipientList>
        </camel:route>
        <camel:route id="updateToolRunNextwithFCTRoute">
       		<camel:description>
        			This route is used to update gets_rmd_vehicle.tool_run_next column with the given Fault Collection Time.
        			This route is a generic and can be used to serve request for multiple programs.
        	</camel:description>
            <camel:from uri="direct:updateToolRunNextwithFCT"/>
            <log loggingLevel="INFO" message="direct:updateToolRunNextwithFCT - updating toolrunnextwith Fault collection time"/>
            <recipientList delimiter="~">
                <simple>sql:{{update.getsrmdvehicle.toolrunnext.query}}</simple>
            </recipientList>
            <log loggingLevel="INFO" message="Route: direct:updateToolRunNextwithFCT, No of rows updated [${header.CamelSqlUpdateCount}]"/>
            <camel:setBody>
                <camel:simple>${header.CamelSqlUpdateCount}</camel:simple>
            </camel:setBody>
        </camel:route>
        <camel:route id="getMessageIdSequence">
            <camel:description>
        			This route is used to provide MessageId Sequence.
        	</camel:description>
            <camel:from uri="direct:getMessageIdSequence"/>
            <log loggingLevel="INFO" message="direct:getMessageIdSequence - fetching message Id Sequence"/>
            <recipientList delimiter="~">
                <simple>sql:{{select.getsmessageId.sequence}}?outputType=SelectOne</simple>
            </recipientList>
        </camel:route>
    </routeContext>
</blueprint>
