<?xml version="1.0" encoding="UTF-8"?>
<blueprint xmlns="http://www.osgi.org/xmlns/blueprint/v1.0.0" xmlns:camel="http://camel.apache.org/schema/blueprint"
    xmlns:cm="http://aries.apache.org/blueprint/xmlns/blueprint-cm/v1.0.0" xmlns:ext="http://aries.apache.org/blueprint/xmlns/blueprint-ext/v1.0.0"
    xmlns:xsi="http://www.w3.org/2001/XMLSchema-instance" xsi:schemaLocation="            http://www.osgi.org/xmlns/blueprint/v1.0.0 http://www.osgi.org/xmlns/blueprint/v1.0.0/blueprint.xsd            http://camel.apache.org/schema/blueprint http://camel.apache.org/schema/blueprint/camel-blueprint.xsd">
    <bean class="org.apache.camel.spring.spi.TransactionErrorHandlerBuilder" id="txEH">
        <property name="redeliveryPolicy" ref="customRedeliveryPolicy"/>
    </bean>
    <bean class="org.apache.camel.processor.RedeliveryPolicy" id="customRedeliveryPolicy">
        <property name="logStackTrace" value="false"/>
        <property name="logRetryStackTrace" value="false"/>
        <property name="logExhausted" value="false"/>
        <property name="logExhaustedMessageHistory" value="false"/>
    </bean>
    <bean class="com.ge.trans.loader.manual.bs.data.impl.BrightStarDataImpl" id="brightStarDataAPI">
        <property name="producerTemplate" ref="manualProducerTemplate"/>
    </bean>
    <bean class="com.ge.trans.loader.manual.common.data.impl.ManualLoaderDataImpl" id="manualLoaderDataAPI">
        <property name="producerTemplate" ref="manualProducerTemplate"/>
    </bean>
    <bean class="com.ge.trans.loader.manual.bs.data.helper.SQLParamHelper" id="sqlParamHelper"/>
</blueprint>
