<?xml version="1.0" encoding="UTF-8"?>
<blueprint xmlns="http://www.osgi.org/xmlns/blueprint/v1.0.0" xmlns:cm="http://aries.apache.org/blueprint/xmlns/blueprint-cm/v1.1.0"
    xmlns:enc="http://karaf.apache.org/xmlns/jasypt/v1.0.0" xmlns:ext="http://aries.apache.org/blueprint/xmlns/blueprint-ext/v1.0.0">
    <ext:property-placeholder id="property-placeholder-18385fb6-faed-4a85-a9c4-47f467494a8d" placeholder-prefix="$(" placeholder-suffix=")">
        <ext:location>file:etc/com.ge.trans.loader.manual.datasource.cfg
        </ext:location>
    </ext:property-placeholder>
    <enc:property-placeholder id="property-placeholder-74cb2af7-e74d-45c3-b153-354ae9e080b2">
        <enc:encryptor class="org.jasypt.encryption.pbe.StandardPBEStringEncryptor">
            <property name="config">
                <bean class="org.jasypt.encryption.pbe.config.EnvironmentStringPBEConfig">
                    <property name="algorithm" value="PBEWithMD5AndDES"/>
                    <property name="passwordEnvName" value="FUSE_ENCRYPTION_PASSWORD"/>
                </bean>
            </property>
        </enc:encryptor>
    </enc:property-placeholder>
    <!-- <cm:property-placeholder id="manual.datasource" persistent-id="com.ge.trans.loader.manual.datasource" update-strategy="none" placeholder-prefix="$(" placeholder-suffix=")" 
        /> -->
    <bean class="org.apache.commons.dbcp2.BasicDataSource" destroy-method="close" id="dataSource">
        <property name="driverClassName" value="$(manual.loader.config.db.driver.driverClassName)"/>
        <property name="url" value="$(manual.loader.config.db.driver.url)"/>
        <property name="username" value="$(manual.loader.config.db.driver.username)"/>
        <property name="password" value="$(manual.loader.config.db.driver.password)"/>
        <property name="poolPreparedStatements" value="$(manual.loader.config.db.driver.poolPreparedStatements)"/>
        <property name="maxTotal" value="$(manual.loader.config.db.driver.maxActive)"/>
        <property name="maxIdle" value="$(manual.loader.config.db.driver.maxIdle)"/>
        <property name="minIdle" value="$(manual.loader.config.db.driver.minIdle)"/>
        <property name="maxWaitMillis" value="$(manual.loader.config.db.driver.maxWaitMillis)"/>
        <property name="defaultAutoCommit" value="$(manual.loader.config.db.driver.defaultAutoCommit)"/>
        <property name="initialSize" value="$(manual.loader.config.db.driver.initialSize)"/>
        <property name="logAbandoned" value="$(manual.loader.config.db.driver.logAbandoned)"/>
        <property name="removeAbandonedOnBorrow" value="true"/>
        <property name="removeAbandonedTimeout" value="60"/>
        <property name="testOnBorrow" value="true"/>
        <property name="testOnReturn" value="true"/>
        <property name="validationQuery" value="SELECT 1 from dual"/>
        <property name="minEvictableIdleTimeMillis" value="60000"/>
        <property name="timeBetweenEvictionRunsMillis" value="60000"/>
        <property name="testWhileIdle" value="true"/>
    </bean>
    <bean class="org.apache.camel.component.sql.SqlComponent" id="sql">
        <property name="dataSource" ref="dataSource"/>
    </bean>
    <bean class="org.springframework.jdbc.datasource.DataSourceTransactionManager" id="txManager">
        <property name="dataSource" ref="dataSource"/>
        <property name="defaultTimeout" value="$(manual.loader.config.db.transaction.timeout.seconds)"/>
    </bean>
    <bean class="org.apache.camel.spring.spi.SpringTransactionPolicy" id="PROPAGATION_REQUIRED">
        <property name="transactionManager" ref="txManager"/>
        <property name="propagationBehaviorName" value="PROPAGATION_REQUIRED"/>
    </bean>
</blueprint>
