<?xml version="1.0" encoding="UTF-8"?>
<!--
    JBoss, Home of Professional Open Source
    Copyright 2014, Red Hat, Inc. and/or its affiliates, and individual
    contributors by the @authors tag. See the copyright.txt in the
    distribution for a full listing of individual contributors.

    Licensed under the Apache License, Version 2.0 (the "License");
    you may not use this file except in compliance with the License.
    You may obtain a copy of the License at
    http://www.apache.org/licenses/LICENSE-2.0
    Unless required by applicable law or agreed to in writing, software
    distributed under the License is distributed on an "AS IS" BASIS,
    WITHOUT WARRANTIES OR CONDITIONS OF ANY KIND, either express or implied.
    See the License for the specific language governing permissions and
    limitations under the License.
-->
<!--
   This is the OSGi Blueprint XML file defining the Camel context and routes.  

   Because the file is in the OSGI-INF/blueprint directory inside our JAR, it 
   will be automatically activated as soon as the bundle is installed.

   The root element for any OSGi Blueprint file is 'blueprint' - you also see 
   the namespace definitions for both the Blueprint and the Camel namespaces.
-->
<blueprint xmlns="http://www.osgi.org/xmlns/blueprint/v1.0.0" xmlns:cm="http://aries.apache.org/blueprint/xmlns/blueprint-cm/v1.0.0"
    xmlns:ext="http://aries.apache.org/blueprint/xmlns/blueprint-ext/v1.0.0" xmlns:xsi="http://www.w3.org/2001/XMLSchema-instance" xsi:schemaLocation="         http://www.osgi.org/xmlns/blueprint/v1.0.0          https://www.osgi.org/xmlns/blueprint/v1.0.0/blueprint.xsd">
    <!-- 
      blueprint property placeholders, that will use etc/camel.activemq.blueprint.cfg 
      as the properties file with content like.       
        amq.url      = ${activemq.url}
        amq.username = ${activemq.username}
        amq.password = ${activemq.password}
    -->
    <cm:property-placeholder id="camel.activemq.blueprint" persistent-id="camel.activemq.blueprint">
        <cm:default-properties>
            <cm:property name="broker.url" value="vm://amq?broker.persistent=false"/>
            <cm:property name="broker.username" value="admin"/>
            <cm:property name="broker.password" value="admin"/>
        </cm:default-properties>
    </cm:property-placeholder>
    <bean class="com.mycompany.templates.camel.activemq.OrderGenerator" id="orderGenerator"/>
    <!-- 
         Lets connect the Camel ActiveMQ component to the broker.
    -->
    <bean class="org.apache.activemq.camel.component.ActiveMQComponent" id="activemq">
        <property name="brokerURL" value="${broker.url}"/>
        <property name="userName" value="${broker.username}"/>
        <property name="password" value="${broker.password}"/>
        <property name="usePooledConnection" value="false"/>
    </bean>
    <!--
        The namespace for the camelContext element in Blueprint is 'http://camel.apache.org/schema/blueprint'. 
        Additionally,  we can also define namespace prefixes we want to use them 
        in the XPath expressions in our CBR.

        While it is not required to assign id's to the <camelContext/> and <route/> 
        elements, it is a good idea to set those for runtime management purposes 
        (logging, JMX MBeans, ...)
    -->
    <camelContext id="amq-example-context" xmlns="http://camel.apache.org/schema/blueprint" xmlns:order="http://com.mycompany/examples/order">
        <!-- a route to generate a random order every 5th second -->
        <route id="generate-order">
            <from id="timerToGenerateOrder" uri="timer:order?period=5000&amp;delay=2000&amp;fixedRate=true"/>
            <bean id="generateOrder" method="generateOrder" ref="orderGenerator"/>
            <setHeader headerName="Exchange.FILE_NAME" id="updateFileNameHeader">
                <method method="generateFileName" ref="orderGenerator"/>
            </setHeader>
            <log message="${body}"></log>
            <to id="initializerFolder" uri="file:work/in"/>
        </route>
        <!--
          When this route is started, it will automatically create the work/jms/input 
          directory where you can drop thefile that need to be processed.

          The <log/> elements are used to add human-friendly business logging statements. 
          They make it easier to see what the route is doing.

          Files that are consumed from the work/jms/input directory, are then sent 
          to the JMS queue incomingOrders on the ActiveMQ broker.
        -->
        <route id="file-to-jms-route">
            <from id="incomingFolder" uri="file:work/in"/>
            <log id="logReceivingOrder" message="Receiving order ${file:name}"/>
            <to id="sendIncomingOrder" uri="activemq:incomingOrders"/>
        </route>
        <!--
          This route consumes messages from the JMS queue incomingOrders on the 
          ActiveMQ broker within the ESB.

          The <choice/> element contains the content based router. The two <when/> 
          clauses use XPath to define the criteria for entering that part of the 
          route. When the country in the XML message is set to UK or US, the file 
          will be moved to a directory for that country. The <otherwise/> element 
          ensures that any file that does not meet the requirements for either of 
          the <when/> elements will be moved to the work/jms/output/others directory.
        -->
        <route id="jms-cbr-route" streamCache="true">
            <from id="listenToIncomingOrder" uri="activemq:incomingOrders"/>
            <choice id="countrySelection">
                <when id="UKCustomer">
                    <xpath id="_xpath1">/order:order/order:customer/order:country = 'UK'</xpath>
                    <log id="logUK" message="Sending order ${file:name} to the UK"/>
                    <to id="outputUKFolder" uri="file:work/out/uk"/>
                </when>
                <when id="USCustomer">
                    <xpath id="_xpath2">/order:order/order:customer/order:country = 'US'</xpath>
                    <log id="logUS" message="Sending order ${file:name} to the US"/>
                    <to id="outputUSFolder" uri="file:work/out/us"/>
                </when>
                <otherwise id="OtherCustomer">
                    <log id="logOtherCountry" message="Sending order ${file:name} to another country"/>
                    <to id="outputOtherCountryFolder" uri="file:work/out/others"/>
                </otherwise>
            </choice>
            <log id="logEndProcessing" message="Done processing ${file:name}"/>
        </route>
    </camelContext>
</blueprint>
