<?xml version="1.0" encoding="UTF-8"?>
<blueprint xmlns="http://www.osgi.org/xmlns/blueprint/v1.0.0" xmlns:camel="http://camel.apache.org/schema/blueprint" xmlns:xsi="http://www.w3.org/2001/XMLSchema-instance" xsi:schemaLocation="http://www.osgi.org/xmlns/blueprint/v1.0.0 http://www.osgi.org/xmlns/blueprint/v1.0.0/blueprint.xsd        http://camel.apache.org/schema/blueprint http://camel.apache.org/schema/blueprint/camel-blueprint.xsd">
    <camel:routeContext id="brightstar-service-context" xmlns="http://camel.apache.org/schema/blueprint">
        <camel:route id="processBrightStarFileRoute">
            <camel:description>
                This route will process the Bright Star Loader Message.
                This Routes loads three information into Camel Property before decoding the .txt files.
                1.
                Vehicle information (vehicle objid, vehicle header, customer id)
                2. Bright Star Engineering params information
                3. Message Id Sequence Value- to update in the DB
                End
                Points
                From :direct:processBrightStarFile
                To :bean:manualLoaderService?method=findVehicleDetails(${property.VEHICLE_REQUEST})
                bean:bsLoaderService?method=findBSParamDefinition(${body})
                bean:manualLoaderService?method=getMessageIdSequenceValue()
                direct:decodeBSMessagePayload
                MultiCast :
                bean:eserviceClientAPI?method=sendDataToEService
                : direct:processIncAndSnapshot
            </camel:description>
            <camel:from uri="direct:processBrightStarFile"/>
            <camel:onException>
                <camel:exception>org.springframework.jdbc.CannotGetJdbcConnectionException</camel:exception>
                <camel:redeliveryPolicy backOffMultiplier="2" maximumRedeliveries="3" redeliveryDelay="5000" useExponentialBackOff="true"/>
                <camel:handled>
                    <camel:constant>true</camel:constant>
                </camel:handled>
                <camel:log loggingLevel="INFO" message="************ Error in direct:processBrightStarFile due to DB Connection ************"/>
                <camel:to uri="direct:processException"/>
                <camel:to uri="direct:stopBrightStarFTPListener"/>
            </camel:onException>
            <camel:onException>
                <camel:exception>java.lang.Exception</camel:exception>
                <camel:handled>
                    <camel:constant>true</camel:constant>
                </camel:handled>
                <camel:log loggingLevel="INFO" message="EXCEPTION IN processBrightStarFileRoute ${exception.message}"/>
                <camel:log loggingLevel="INFO" message="EXCEPTION IN processBrightStarFileRoute ${exception.stacktrace}"/>
                <camel:to uri="direct:processException"/>
            </camel:onException>
            <camel:log loggingLevel="INFO" message="FIND VEHICLE DETAILS FOR  CUSTOMER ${property.customerID}:${property.vehicleNumber} "/>
            <camel:to uri="bean:manualLoaderService?method=findVehicleDetails(${property.VEHICLE_REQUEST})"/>
            <camel:setProperty propertyName="VEHICLE_INFO">
                <camel:simple>${body}</camel:simple>
            </camel:setProperty>
            <camel:bean method="prepareMPRequest" ref="requestHelper"/>
            <camel:to uri="bean:bsLoaderService?method=findBSParamDefinition(${body})"/>
            <camel:setProperty propertyName="PARAM_DEF_LIST">
                <camel:simple>${body}</camel:simple>
            </camel:setProperty>
            <camel:to uri="bean:manualLoaderService?method=getMessageIdSequenceValue()"/>
            <camel:setProperty propertyName="MESSAGE_ID">
                <camel:simple>${body}</camel:simple>
            </camel:setProperty>
            <camel:setBody>
                <camel:simple>${property.ORIGINAL_REQUEST}</camel:simple>
            </camel:setBody>
            <camel:log loggingLevel="INFO" message="processBrightStarFileRoute Started, proceeding to Parse the message"/>
            <camel:to uri="direct:decodeBSMessagePayload"/>
            <camel:process ref="badFileValidator"/>
            <camel:choice>
                <camel:when>
                    <camel:simple>${property.IS_BAD_FILE}</camel:simple>
                    <camel:log loggingLevel="INFO" message="BAD FILE FOUND"/>
                    <camel:to uri="direct:moveBadFileToErrorLocation"/>
                    <throwException ref="badFileException"/>
                </camel:when>
                <camel:otherwise>
                    <camel:multicast parallelProcessing="true" stopOnException="false">
                        <camel:to uri="bean:eserviceClientAPI?method=sendDataToEService(${body},${property.VEHICLE_INFO},${property.CAB_CAX_TIME},${property.messageID},${property.programName})"/>
                        <camel:to uri="direct:processIncAndSnapshot"/>
                    </camel:multicast>
                </camel:otherwise>
            </camel:choice>
        </camel:route>
        <camel:route id="payloadDecoderRoute">
            <camel:description>
                This route will decode the .txt files now available in list of String.
                DecoderApi will parse Incident,Snapshot, Statistics information from the input
                file and also populate the errors in the list.
                Errors(wrapped as Loader Exception) available in the list will then be iterated and logged into Error table.
            </camel:description>
            <camel:from uri="direct:decodeBSMessagePayload"/>
            <camel:to uri="bean:bsMessageParserAPI?method=decode(${property.ORIGINAL_REQUEST},${property.PARAM_DEF_LIST},${property.VEHICLE_INFO},${property.LAST_FAULT_INDEX},${property.DATA_START_INDICATOR})"/>
            <camel:split parallelProcessing="true">
                <camel:simple>${body.getErrorList}</camel:simple>
                <camel:convertBodyTo type="com.ge.trans.loader.common.exception.LoaderException"/>
                <camel:to uri="direct:processException"/>
            </camel:split>
            <camel:onException>
                <camel:exception>java.lang.Exception</camel:exception>
                <camel:handled>
                    <camel:constant>true</camel:constant>
                </camel:handled>
                <camel:log loggingLevel="ERROR" message="EXCEPTION IN payloadDecoderRoute"/>
                <camel:to uri="direct:processException"/>
            </camel:onException>
        </camel:route>
        <camel:route id="processIncAndSnapshotRoute">
            <camel:description>
                This route will load Incident and Snapshot data into DB by calling BrightStarLoaderDataApi.
                The Incident(Fault), Snapshot (MP) data to be loaded will
                be available in the form of List.
                This List will be iterated by Camel Splitter and would be sent to dao routes.
                Before sending to dataapi layer, the message request
                has been updated with few information.
                1. Message Id
                2. Fault code Objid
                Also, route to check if the data is already exists (if yes, no Insert)
                After storing the data,
                gets_rmd_vehicle.tool_run_next date should be updated by finding the BSFaultLag Time.
                End Points
                From : direct:processIncAndSnapshot
                To :
                bean:manualLoaderDataAPI?method=findFaultCodeDefinition(${body})
                bean:manualLoaderDataAPI?method=isNewFault(${property.faultWrapper.locoFault})
                bean:bsLoaderService?method=saveIncidentAndSnapshot(${property.faultWrapper})
                bean:bsLoaderService?method=getBSFaultLagTime(${property.VEHICLE_INFO})
                bean:manualLoaderService?method=updateToolRunNextFCT(${property.VEHICLE_INFO},${property.programName},${body})
            </camel:description>
            <camel:from uri="direct:processIncAndSnapshot"/>
            <camel:onException>
                <camel:exception>org.springframework.jdbc.CannotGetJdbcConnectionException</camel:exception>
                <camel:redeliveryPolicy backOffMultiplier="2" maximumRedeliveries="3" redeliveryDelay="5000" useExponentialBackOff="true"/>
                <camel:handled>
                    <camel:constant>true</camel:constant>
                </camel:handled>
                <camel:log loggingLevel="INFO" message="************ Error in processIncAndSnapshotRoute due to DB Connection ************"/>
                <camel:to uri="direct:processException"/>
                <camel:to uri="direct:stopBrightStarFTPListener"/>
            </camel:onException>
            <camel:onException>
                <camel:exception>com.ge.trans.loader.common.exception.LoaderException</camel:exception>
                <camel:exception>com.ge.trans.loader.common.exception.LoaderRuntimeException</camel:exception>
                <camel:handled>
                    <camel:constant>false</camel:constant>
                </camel:handled>
                <camel:log loggingLevel="INFO" message="LoaderException in direct:processIncAndSnapshot - ${exception.message}"/>
                <camel:log loggingLevel="INFO" message="LoaderException in direct:processIncAndSnapshot -  ${exception.stacktrace}"/>
                <camel:to uri="direct:processException"/>
            </camel:onException>
            <camel:onException>
                <camel:exception>java.lang.Exception</camel:exception>
                <camel:handled>
                    <camel:constant>true</camel:constant>
                </camel:handled>
                <camel:log loggingLevel="INFO" message="EXCEPTION IN processIncAndSnapshotRoute ${exception.message}"/>
                <camel:log loggingLevel="INFO" message="EXCEPTION IN processIncAndSnapshotRoute ${exception.stacktrace}"/>
                <camel:to uri="direct:processException"/>
            </camel:onException>
            <camel:log loggingLevel="INFO" message="INSIDE processIncAndSnapshotRoute"/>
            <camel:choice>
                <camel:when>
                    <camel:simple>${property.VEHICLE_INFO.vehicleObjid} == '-1'</camel:simple>
                    <throwException ref="vehicleNotFoundException"/>
                </camel:when>
                <camel:otherwise>
                    <camel:when>
                        <camel:simple> ${property.LAST_FAULT_INDEX} &gt; 0</camel:simple>
                        <camel:split parallelProcessing="true" stopOnException="false">
                            <camel:simple>${body.faultAndSnapshots}</camel:simple>
                            <camel:setProperty propertyName="faultWrapper">
                                <camel:simple>${body}</camel:simple>
                            </camel:setProperty>
                            <camel:when>
                                <camel:simple>${body.locoFault} != null</camel:simple>
                                <camel:bean method="prepareFaultCodeQueryKey" ref="requestHelper"/>
                                <!-- <camel:to uri="bean:manualLoaderDataAPI?method=findFaultCodeDefinition(${body})"/> -->
                                <camel:to uri="bean:manualLoaderService?method=findFaultCodeDefinition(${body})"/>
                                <camel:bean method="enrichFault2FaultCode(${body},${property.faultWrapper})" ref="requestHelper"/>
                                <camel:bean method="enrichFaultwithMessageId(${property.MESSAGE_ID},${property.faultWrapper})" ref="requestHelper"/>
                                <camel:to uri="bean:manualLoaderService?method=isNewFault(${property.faultWrapper.locoFault})"/>
                                <camel:choice>
                                    <camel:when>
                                        <camel:simple>${body}</camel:simple>
                                        <camel:to uri="bean:bsLoaderService?method=saveIncidentAndSnapshot(${property.faultWrapper})"/>
                                        <camel:bean method="updateActualFaultsProcessed" ref="requestHelper"/>
                                        <camel:to uri="bean:bsMessageValidator?method=validateFaultCodes(${property.faultWrapper.locoFault})"/>
                                    </camel:when>
                                    <camel:otherwise>
                                        <camel:log loggingLevel="INFO" message="Fault Already Exists in DB for Fault Code ${property.faultWrapper.locoFault.faultCode}"/>
                                    </camel:otherwise>
                                </camel:choice>
                            </camel:when>
                        </camel:split>
                    </camel:when>
                </camel:otherwise>
            </camel:choice>
            <camel:log loggingLevel="INFO" message="ACTUAL  FAULTS PROCESSED:${property.ACTUAL_FAULTS_PROCESSED.size}:: processIncAndSnapshotRoute ENDS"/>
            <camel:when>
                <camel:simple>${property.ACTUAL_FAULTS_PROCESSED.size} &gt; 0</camel:simple>
                <camel:log loggingLevel="INFO" message="START- Updating tool_run_next column #"/>
                <camel:to uri="bean:bsLoaderService?method=getBSFaultLagTime(${property.VEHICLE_INFO})"/>
                <camel:to uri="bean:manualLoaderService?method=updateToolRunNextFCT(${property.VEHICLE_INFO},${property.programName},${body})"/>
                <camel:log loggingLevel="INFO" message="END- Updating tool_run_next column #"/>
            </camel:when>
            <to id="logTimeId" uri="direct:logTime"/>
            <log id="_log6" loggingLevel="INFO" message="##### BRIGHT STAR Message Processing Ends ####"/>
        </camel:route>
        <camel:route id="validateBSMessage">
            <camel:description>
                This route will validate the input message (file lines as string list).
                Throws LoaderException when
                1. List is empty
                2. First line of the list does not
                meet criteria
                3. Customer Id is not Alpabetic or Empty
                4. Vehicle No is not Alphanumeric or Empty
                5. CabCaxTime is empty or not in the proper date format.
                Failing to
                meet above criteria will throw LoaderException with appropriate Message details and eventually stop processing the message.
            </camel:description>
            <camel:from uri="direct:validateBSMessage"/>
            <onException>
                <exception>java.lang.Exception</exception>
                <handled>
                    <constant>true</constant>
                </handled>
                <log loggingLevel="ERROR" message="Exception IN direct:validateBSMessage"/>
                <to uri="direct:logInvalidMessage"/>
            </onException>
            <camel:to uri="bean:bsMessageValidator?method=validateInputMessage"/>
        </camel:route>
        <camel:route id="moveBadFileRoute">
            <camel:from uri="direct:moveBadFileToErrorLocation"/>
            <camel:setBody>
                <camel:simple>${property.ORIGINAL_FILE_CONTENTS}</camel:simple>
            </camel:setBody>
            <camel:to uri="sftp://{{brightstar.ftp.host}}:{{brightstar.ftp.port}}/error?username={{brightstar.ftp.user}}&amp;password={{brightstar.ftp.password}}"/>
        </camel:route>
    </camel:routeContext>
</blueprint>
