<?xml version="1.0" encoding="UTF-8"?>
<blueprint xmlns="http://www.osgi.org/xmlns/blueprint/v1.0.0" xmlns:camel="http://camel.apache.org/schema/blueprint"
    xmlns:cm="http://aries.apache.org/blueprint/xmlns/blueprint-cm/v1.1.0" xmlns:enc="http://karaf.apache.org/xmlns/jasypt/v1.0.0"
    xmlns:ext="http://aries.apache.org/blueprint/xmlns/blueprint-ext/v1.0.0" xmlns:xsi="http://www.w3.org/2001/XMLSchema-instance" xsi:schemaLocation="http://www.osgi.org/xmlns/blueprint/v1.0.0 http://www.osgi.org/xmlns/blueprint/v1.0.0/blueprint.xsd http://camel.apache.org/schema/blueprint http://camel.apache.org/schema/blueprint/camel-blueprint.xsd">
    <!--Manual Loader Common Bean declaration Starts -->
    <bean class="org.apache.commons.beanutils.BeanUtils" id="beanUtils"/>
    <bean class="com.ge.trans.loader.manual.service.processor.ErrorCodeProcessor" id="errorCodeProcessor"/>
    <bean class="com.ge.trans.loader.manual.service.processor.LogTimeCalculator" id="logTimeCalculator"/>
    <bean class="com.ge.trans.loader.manual.service.processor.MessageMetaInfoAnalyser" id="messageMetaInfoAnalyser"/>
    <bean class="com.ge.trans.loader.manual.service.processor.PayloadLogRequestProducer" id="payloadLogRequestProducer"/>
    <bean class="com.ge.trans.loader.manual.service.routepolicy.MainRoutePolicy" id="mainRoutePolicy">
        <property name="eligibleRoutes" value="%[eligible.toStart.main.routes]"/>
    </bean>
    <!--Manual Loader Common Bean declaration Ends -->
    <!--Manual Loader Bright Star Bean declaration Starts-->
   
    <bean class="com.ge.trans.loader.manual.bs.processor.bean.RequestHelper" id="requestHelper"/>
    <bean class="com.ge.trans.loader.manual.bs.processor.bean.FileSplitterBean" id="fileSplitterBean"/>
    <bean class="com.ge.trans.loader.manual.service.ManualLoaderService" id="manualLoaderService">
        <property name="manualLoaderDataAPI" ref="manualLoaderDataAPI"/>
        <property name="manualLoaderCacheAPI" ref="manualLoaderCacheAPI"/>
    </bean>
    <bean class="com.ge.trans.loader.manual.bs.service.BSLoaderService" id="bsLoaderService">
        <property name="manualLoaderDataAPI" ref="manualLoaderDataAPI"/>
        <property name="manualLoaderService" ref="manualLoaderService"/>
        <property name="manualLoaderCacheAPI" ref="manualLoaderCacheAPI"/>
        <property name="brightStarDataAPI" ref="brightStarDataAPI"/>
    </bean>
    <bean class="com.ge.trans.loader.manual.bs.bean.BSMessageValidator" id="bsMessageValidator"/>
    <bean class="com.ge.trans.loader.manual.bs.processor.bean.FileValidator" id="fileValidator">
        <property name="allowedExt" value="%[brightstar.ftp.allowed.ext]"/>
    </bean>
    <bean class="com.ge.trans.loader.manual.service.processor.BadFileValidator" id="badFileValidator">
        <property name="faultTolerance" value="%[bs.fault.tolerance]"/>
    </bean>
    <bean class="com.ge.trans.loader.common.exception.LoaderException" id="badFileException">
        <argument index="0" value="-1100099"/>
        <argument index="1" value="BAD FILE FOUND:FILE WILL BE MOVED TO CONFIGURED ERROR LOCATION"/>
    </bean>
    <bean class="com.ge.trans.loader.common.exception.LoaderException" id="vehicleNotFoundException">
        <argument index="0" value="1100001"/>
        <argument index="1" value="Vehicle Not Found Exception"/>
    </bean>
    <!--Manual Loader Bright Star Bean declaration Ends-->
    <bean class="com.ge.trans.loader.manual.service.components.BrightStarFTPListener" id="brightStarFTPListener">
        <property name="paramVO" ref="sftpParamVO"/>
        <property name="threadParamVo" ref="threadParamVO"/>
        <property name="autoStartRoute" value="%[loader.manual.bs.ftp.main.autostartup]"/>
        <property name="routeId" value="%[eligible.toStart.main.routes]"/>
    </bean>
    <bean class="com.ge.trans.loader.manual.service.components.valueobjects.ThreadParamVO" id="threadParamVO">
        <property name="threadMaxPoolSize" value="%[brightstar.ftp.thread.pool.max.size]"/>
        <property name="threadPoolSize" value="%[brightstar.ftp.thread.pool.size]"/>
        <property name="rejectedPolicy" value="%[brightstar.ftp.rejectedPolicy]"/>
        <property name="threadQueueSize" value="%[brightstar.ftp.max.queue.size]"/>
        <property name="threadName" value="%[brightstar.mainroute.thread.name]"/>
    </bean>
    <bean class="com.ge.trans.loader.manual.service.components.valueobjects.SFTPParamVO" id="sftpParamVO">
        <property name="userName" value="%[brightstar.ftp.user]"/>
        <property name="password" value="%[brightstar.ftp.password]"/>
        <property name="hostName" value="%[brightstar.ftp.host]"/>
        <property name="port" value="%[brightstar.ftp.port]"/>
        <property name="filePath" value="%[brightstar.ftp.read.location]"/>
        <property name="additionalParams" value="%[brightstar.ftp.additionalparams]"/>
        <property name="preMoveFolderPath" value="%[brightstar.ftp.location.premove]"/>
        <property name="errorFolderPath" value="%[brightstar.ftp.location.error]"/>
        <property name="archiveFolderPath" value="%[brightstar.ftp.location.archive]"/>
        <property name="delayInSeconds" value="%[brightstar.ftp.default.delay.poll]"/>
    </bean>
    
    <bean class="com.ge.trans.loader.manual.bs.filter.BrightStarFileFilter" id="bsFilter">
     <property name="allowedExt" value="%[brightstar.ftp.allowed.ext]"/>
   	 <property name="allowedFileInitials" value="%[brightstar.ftp.allowed.fileInitials]"/> 
     </bean>
</blueprint>
