<?xml version="1.0" encoding="UTF-8"?>
<blueprint xmlns="http://www.osgi.org/xmlns/blueprint/v1.0.0" xmlns:cm="http://aries.apache.org/blueprint/xmlns/blueprint-cm/v1.1.0"
    xmlns:enc="http://karaf.apache.org/xmlns/jasypt/v1.0.0" xmlns:ext="http://aries.apache.org/blueprint/xmlns/blueprint-ext/v1.0.0"
    xmlns:xsi="http://www.w3.org/2001/XMLSchema-instance" xsi:schemaLocation="http://www.osgi.org/xmlns/blueprint/v1.0.0 http://www.osgi.org/xmlns/blueprint/v1.0.0/blueprint.xsd http://camel.apache.org/schema/blueprint http://camel.apache.org/schema/blueprint/camel-blueprint.xsd">
    <!--     <cm:property-placeholder id="ftp.config.id" persistent-id="com.ge.trans.loader.manual.ftp" update-strategy="none"/>
 -->
    <cm:property-placeholder id="manual.props.id" persistent-id="com.ge.trans.loader.manual.props" placeholder-prefix="@(" placeholder-suffix=")" update-strategy="none"/>
    <reference availability="mandatory" id="messageLogAPI" interface="com.ge.trans.loader.common.api.MessageLogAPI"/>
    <reference availability="mandatory" id="mailAPI" interface="com.ge.trans.loader.common.api.MailAPI"/>
    <reference availability="mandatory" id="brightStarDataAPI" interface="com.ge.trans.loader.manual.bs.data.api.BrightStarDataAPI"/>
    <reference availability="mandatory" id="eserviceClientAPI" interface="com.ge.trans.loader.manual.bs.eservice.client.api.EserviceClientAPI"/>
    <reference availability="mandatory" id="bsMessageParserAPI" interface="com.ge.trans.loader.manual.bs.decoder.api.BSMessageParserAPI"/>
    <reference availability="mandatory" id="manualLoaderDataAPI" interface="com.ge.trans.loader.manual.common.data.api.ManualLoaderDataAPI"/>
    <reference id="getsRMDFaultCodeMapAPI" interface="com.ge.trans.loader.common.persistence.api.GetsRMDFaultCodeMapAPI"/>
    <reference availability="mandatory" id="manualLoaderCacheAPI" interface="com.ge.trans.loader.manual.cache.api.ManualLoaderCacheAPI"/>
</blueprint>
