<?xml version="1.0" encoding="UTF-8"?>
<blueprint xmlns="http://www.osgi.org/xmlns/blueprint/v1.0.0" xmlns:cm="http://aries.apache.org/blueprint/xmlns/blueprint-cm/v1.0.0"
    xmlns:xsi="http://www.w3.org/2001/XMLSchema-instance" xsi:schemaLocation="        http://www.osgi.org/xmlns/blueprint/v1.0.0 http://www.osgi.org/xmlns/blueprint/v1.0.0/blueprint.xsd        http://camel.apache.org/schema/blueprint http://camel.apache.org/schema/blueprint/camel-blueprint.xsd">
    <bean class="com.ibm.mq.jms.MQConnectionFactory" id="wmqConnectionFactory">
        <property name="transportType" value="%[loader.mq.transportType]"/>
        <property name="hostName" value="%[loader.mq.hostName]"/>
        <property name="port" value="%[loader.mq.port]"/>
        <property name="queueManager" value="%[loader.mq.queueManager]"/>
        <property name="channel" value="%[loader.mq.channel]"/>
    </bean>
    <bean class="org.springframework.jms.connection.JmsTransactionManager" id="wmqTransactionManager">
        <property name="connectionFactory" ref="wmqConnectionFactory"/>
    </bean>
    <bean class="org.apache.camel.component.jms.JmsComponent" id="wmqComponent">
        <property name="connectionFactory" ref="wmqConnectionFactory"/>
        <property name="transactionManager" ref="wmqTransactionManager"/>
        <property name="transacted" value="%[loader.mq.transacted]"/>
    </bean>
    <bean class="org.apache.camel.component.jms.JmsComponent" id="activemqComponent">
        <property name="configuration" ref="activemqConfig"/>
    </bean>
    <bean class="org.apache.camel.component.jms.JmsConfiguration" id="activemqConfig">
        <property name="connectionFactory" ref="pooledConnectionFactory"/>
        <property name="transacted" value="%[loader.mq.activemq.transacted]"/>
        <property name="transactionManager" ref="activemqTransactionManager"/>
        <property name="cacheLevelName" value="CACHE_CONSUMER"/>
    </bean>
    <bean class="org.springframework.jms.connection.JmsTransactionManager" id="activemqTransactionManager">
        <property name="connectionFactory" ref="pooledConnectionFactory"/>
    </bean>
    <bean class="org.apache.activemq.pool.PooledConnectionFactory" destroy-method="stop" id="pooledConnectionFactory" init-method="start">
        <property name="maxConnections" value="%[loader.mq.activemq.maxConnections]"/>
        <property name="connectionFactory" ref="activemqConnectionFactory"/>
    </bean>
    <bean class="org.apache.activemq.ActiveMQConnectionFactory" id="activemqConnectionFactory">
        <property name="brokerURL" value="%[loader.mq.activemq.url]"/>
        <property name="userName" value="%[loader.mq.activemq.user]"/>
        <property name="password" value="%[loader.mq.activemq.password]"/>
    </bean>
</blueprint>
