<?xml version="1.0" encoding="UTF-8"?>
<blueprint xmlns="http://www.osgi.org/xmlns/blueprint/v1.0.0" xmlns:camel="http://camel.apache.org/schema/blueprint"
    xmlns:cm="http://aries.apache.org/blueprint/xmlns/blueprint-cm/v1.1.0" xmlns:enc="http://karaf.apache.org/xmlns/jasypt/v1.0.0"
    xmlns:ext="http://aries.apache.org/blueprint/xmlns/blueprint-ext/v1.0.0" xmlns:xsi="http://www.w3.org/2001/XMLSchema-instance" xsi:schemaLocation="http://www.osgi.org/xmlns/blueprint/v1.0.0 http://www.osgi.org/xmlns/blueprint/v1.0.0/blueprint.xsd http://camel.apache.org/schema/blueprint http://camel.apache.org/schema/blueprint/camel-blueprint.xsd">
    <ext:property-placeholder id="ext-prop-placeholder" placeholder-prefix="%[" placeholder-suffix="]">
        <ext:location>file:etc/com.ge.trans.loader.manual.ftp.cfg</ext:location>
    </ext:property-placeholder>
    <enc:property-placeholder id="enc-prop-placeholder">
        <enc:encryptor class="org.jasypt.encryption.pbe.StandardPBEStringEncryptor">
            <property name="config">
                <bean class="org.jasypt.encryption.pbe.config.EnvironmentStringPBEConfig">
                    <property name="algorithm" value="PBEWithMD5AndDES"/>
                    <property name="passwordEnvName" value="FUSE_ENCRYPTION_PASSWORD"/>
                    <!-- <property name="password" value="TransEOA"/> -->
                </bean>
            </property>
        </enc:encryptor>
    </enc:property-placeholder>
    <camelContext id="manual-service-context" threadNamePattern="#camelId#-#longName#-#counter#" typeConverterStatisticsEnabled="true" xmlns="http://camel.apache.org/schema/blueprint">
        <propertyPlaceholder id="mlProperties" location="blueprint:manual.props.id,blueprint:ext-prop-placeholder"/>
        <camel:routeBuilder ref="brightStarFTPListener"/>
        <routeContextRef ref="common-service-context"/>
        <routeContextRef ref="brightstar-service-context"/>
        <route id="processTheFileMainRoute">
            <camel:description>
                This route will process the .txt file read from the FTP
                This route will split every line of the file (using camel splitter) and prepare list of String
                .
                The output(lines of the file as list of String) will be set in the Property ORIGINAL_REQUEST.
                This output will be sent to direct:executeCommonRules and
                direct:processBrightStarFile for further processing.
                End Points
                From: direct:processTheFile
                To: direct:executeCommonRules
                direct:processBrightStarFile
            </camel:description>
            <camel:from id="_from1" uri="direct:processTheFile"/>
            <log id="_log1" message="##### BRIGHT STAR Message Processing Begins ::  FILE REQUEST RECEIVED ::Inside processTheFileMainRoute ####"/>
            <camel:setProperty id="_setProperty2" propertyName="ORIGINAL_FILE_CONTENTS">
                <camel:simple>${body}</camel:simple>
            </camel:setProperty>
            <to id="_to4" uri="bean:fileSplitterBean?method=init"/>
            <split id="_split1" streaming="true">
                <tokenize token="\n"/>
                <to id="_to6" uri="bean:fileSplitterBean?method=addSplittedLine"/>
            </split>
            <to id="_to7" uri="bean:fileSplitterBean?method=done"/>
            <camel:setBody id="_setBody1">
                <camel:simple>${property.SPLITTED_FILE}</camel:simple>
            </camel:setBody>
            <camel:setProperty id="_setProperty1" propertyName="ORIGINAL_REQUEST">
                <camel:simple>${body}</camel:simple>
            </camel:setProperty>
            <to id="_to2" uri="direct:executeCommonRules"/>
            <to id="_to3" uri="direct:processBrightStarFile"/>
            <onException id="_onException2">
                <exception>java.lang.Exception</exception>
                <handled>
                    <constant>true</constant>
                </handled>
                <log id="_log7" loggingLevel="ERROR" message="EXCEPTION IN processTheFileMainRoute ${exception.message}"/>
                <log id="_log8" loggingLevel="DEBUG" message="EXCEPTION IN processTheFileMainRoute ${exception.stacktrace}"/>
                <to id="_to5" uri="direct:processException"/>
            </onException>
        </route>
    </camelContext>
</blueprint>
