<?xml version="1.0" encoding="UTF-8"?>
<blueprint xmlns="http://www.osgi.org/xmlns/blueprint/v1.0.0" xmlns:camel="http://camel.apache.org/schema/blueprint" xmlns:xsi="http://www.w3.org/2001/XMLSchema-instance" xsi:schemaLocation="              http://www.osgi.org/xmlns/blueprint/v1.0.0 http://www.osgi.org/xmlns/blueprint/v1.0.0/blueprint.xsd              http://camel.apache.org/schema/blueprint http://camel.apache.org/schema/blueprint/camel-blueprint.xsd">
    <routeContext id="common-service-context" xmlns="http://camel.apache.org/schema/blueprint">
        <route id="executeCommonRulesRoute">
            <description>Common Route which will provide common services, it initiates following
                operations, adding program configuration, validating the received message and logs
                the message/file the message to DWH.                
                End points
                	From	: direct:executeCommonRules
                	To 		: direct:setProgramConfig
                			  direct:validateBSMessage
                	wiretap : direct:logPayload                
            </description>
            <from uri="direct:executeCommonRules"/>
            <camel:log loggingLevel="DEBUG" message="Route direct:executeCommonRules Started"/>
            <to uri="direct:setProgramConfig"/>
            <camel:to uri="direct:validateBSMessage"/>
            <process ref="messageMetaInfoAnalyser"/>
            <wireTap uri="direct:logPayload"/>
            <camel:log loggingLevel="DEBUG" message="Route direct:executeCommonRules Completed"/>
            <onException>
                <exception>java.lang.Exception</exception>
                <handled>
                    <constant>true</constant>
                </handled>
                <log loggingLevel="INFO" message="EXCEPTION IN executeCommonRulesRoute"/>
                <to uri="direct:processException"/>
            </onException>
        </route>
        <camel:route id="setProgramConfigRoute">
            <camel:description>
            	Route to set all the required program properties to further use by the system
            	EndPoints
            		From	: direct:setProgramConfig 
            </camel:description>
            <camel:from uri="direct:setProgramConfig"/>
            <camel:setProperty propertyName="programID">
                <camel:simple>{{loader.manual.program.id}}</camel:simple>
            </camel:setProperty>
            <camel:setProperty propertyName="programName">
                <camel:simple>{{loader.manual.program.name}}</camel:simple>
            </camel:setProperty>
            <camel:setProperty propertyName="createdBy">
                <camel:simple>{{loader.manual.createdby}}</camel:simple>
            </camel:setProperty>
            <camel:setProperty propertyName="messageID">
                <camel:simple>${date:now:yyyy-MM-dd hh:mm:ss:SSSSSS a}</camel:simple>
            </camel:setProperty>
            <camel:setProperty propertyName="appProfile">
                <camel:simple>{{loader.manual.app.profile}}</camel:simple>
            </camel:setProperty>
        </camel:route>
        <route id="excptionHandlerRoute">
            <description>
                One of the critical route which captures all the exceptions and sends the exception
                details to loader-error-handler, which again
                stores them into
                gets_rmd_loader_error table.
                EndPoints
            		From	: direct:processException
            </description>
            <from uri="direct:processException"/>
            <process id="errorCodeHandlerProcessor" ref="errorCodeProcessor"/>
            <camel:bean method="getRandomString" ref="requestHelper"/>
            <setBody id="SetMessageID">
                <simple>&lt;?xml version="1.0" encoding="UTF-8" standalone="no"?&gt;&lt;ERROR&gt;&lt;CUST_ID&gt;${property.customerID}&lt;/CUST_ID&gt;&lt;VEHICLE_NUMBER&gt;${property.vehicleNumber}&lt;/VEHICLE_NUMBER&gt;&lt;VEHICLE_INITIAL&gt;${property.vehicleInitial}&lt;/VEHICLE_INITIAL&gt;&lt;ERROR_CODE&gt;${property.errorCode}&lt;/ERROR_CODE&gt;&lt;PROGRAM_NAME&gt;${property.programName}&lt;/PROGRAM_NAME&gt;&lt;PROGRAM_ID&gt;${property.programID}&lt;/PROGRAM_ID&gt;&lt;MESSAGE_TYPE&gt;${property.messageType}&lt;/MESSAGE_TYPE&gt;&lt;MESSAGE_UID&gt;${property.messageID}${body}&lt;/MESSAGE_UID&gt;&lt;ERROR_DESCRIPTION&gt;&lt;![CDATA[${property.errorMessage}]]&gt;&lt;/ERROR_DESCRIPTION&gt;&lt;ERROR_OCCUR_TIME&gt;${property.timeStamp}&lt;/ERROR_OCCUR_TIME&gt;&lt;ErrorMessage&gt;&lt;![CDATA[${property.errorMessage}]]&gt;&lt;/ErrorMessage&gt;&lt;SEVERITY&gt;${property.severityFlag} &lt;/SEVERITY&gt;&lt;/ERROR&gt;</simple>
            </setBody>
            <log message="ERROR MESSAGE : ${body}"/>
            <to id="errorQ" uri="{{loader.mq.error.queue}}"/>
        </route>
        <route id="payloadLogRoute">
            <description>
                This route is used to log all the received message in DWH table
                 EndPoints
            		From	: direct:logPayload
            		To		: bean:messageLogAPI?method=logMessage
            </description>
            <from uri="direct:logPayload"/>
            <process ref="payloadLogRequestProducer"/>
            <to uri="bean:messageLogAPI?method=logMessage"/>
            <camel:log message="MESSAGE UID GENERATED :${property.messageID}"/>
            <onException>
                <exception>java.lang.Exception</exception>
                <handled>
                    <constant>true</constant>
                </handled>
                <log loggingLevel="INFO" message="EXCEPTION IN payloadLogRoute"/>
                <to uri="direct:processException"/>
            </onException>
        </route>
        <route id="logInvalidMessageRoute">
            <description>
                This route is used to log the message in DWH when the system receives Invalid message.
                Also the error will be logged in the gets_rmd_loader_error table.
                At this point of time, the locomotive details are unavailable, so setting this to UNKNOWN
                 EndPoints
            		From	: direct:logInvalidMessage
            		To		: direct:processException
            		wiretap : direct:logPayload
            </description>
            <from uri="direct:logInvalidMessage"/>
            <camel:to uri="direct:setProgramConfig"/>
            <camel:setProperty propertyName="messageType">
                <camel:simple>BS-MESSAGE</camel:simple>
            </camel:setProperty>
            <camel:setProperty propertyName="customerID">
                <camel:simple>UNKNOWN</camel:simple>
            </camel:setProperty>
            <camel:setProperty propertyName="vehicleInitial">
                <camel:simple>UNKNOWN</camel:simple>
            </camel:setProperty>
            <camel:setProperty propertyName="vehicleNumber">
                <camel:simple>UNKNOWN</camel:simple>
            </camel:setProperty>
            <wireTap uri="direct:logPayload"/>
            <to uri="direct:processException"/>
            <camel:log loggingLevel="ERROR" message="Logging Validation error message for reference"/>
        </route>
        <route id="logTime">
            <description>Route to calculate the start and end time of the message, Just to identify the long running processes.
            </description>
            <from uri="direct:logTime"/>
            <process ref="logTimeCalculator"/>
            <log loggingLevel="INFO" message="MESSAGE-TYPE = ${property.messageType} MESSAGE-UID = ${property.messageID} StartTime(in ms): ${property.startTime}"/>
            <log loggingLevel="INFO" message="MESSAGE-TYPE = ${property.messageType} MESSAGE-UID = ${property.messageID} EndTime(in ms): ${property.endTime}"/>
            <choice>
                <when>
                    <simple>${property.totalTime} &gt; 1000</simple>
                    <log loggingLevel="WARN" message="MESSAGE-TYPE = ${property.messageType} MESSAGE-UID = ${property.messageID} TotalTime(in ms): ${property.totalTime}"/>
                </when>
                <otherwise>
                    <log loggingLevel="INFO" message="MESSAGE-TYPE = ${property.messageType} MESSAGE-UID = ${property.messageID} TotalTime(in ms): ${property.totalTime}"/>
                </otherwise>
            </choice>
        </route>
        <camel:route id="stopBrightStarFTPListenerRoute">
            <camel:description>On occurrence of critical issue, the FTP listener will be stopped</camel:description>
            <camel:from uri="direct:stopBrightStarFTPListener"/>
            <camel:log message="***********Stopping BrightStarFTP Listener due to DB Connection Issue, High Critical*********"/>
            <camel:to uri="controlbus:route?async=true&amp;routeId=brightStarFTPMainRoute&amp;action=stop"/>
            <camel:log message="***********Stopped BrightStarFTP Listener due to DB Connection Issue, High Critical*********"/>
        </camel:route>
    </routeContext>
</blueprint>
