<?xml version="1.0" encoding="UTF-8"?>
<blueprint xmlns="http://www.osgi.org/xmlns/blueprint/v1.0.0" xmlns:ext="http://aries.apache.org/blueprint/xmlns/blueprint-ext/v1.0.0"
    xmlns:xsi="http://www.w3.org/2001/XMLSchema-instance" xsi:schemaLocation="http://www.osgi.org/xmlns/blueprint/v1.0.0 http://www.osgi.org/xmlns/blueprint/v1.0.0/blueprint.xsd">
    <bean class="com.hazelcast.core.Hazelcast" destroy-method="shutdown" factory-method="newHazelcastInstance" id="hazelcastInstance">
        <argument>
            <bean class="com.hazelcast.config.FileSystemXmlConfig">
                <argument value="${loader.hazelcast.xml.path}"/>
            </bean>
        </argument>
    </bean>
    <bean class="org.apache.camel.component.hazelcast.HazelcastComponent" id="hazelcast">
        <property name="hazelcastInstance" ref="hazelcastInstance"/>
    </bean>
    <bean class="com.ge.trans.loader.manual.cache.impl.ManualLoaderCacheImpl" id="manualLoaderCacheAPI">
        <property name="producerTemplate" ref="cacheProducerTemplate"/>
    </bean>
    <bean class="com.ge.trans.loader.manual.cache.mapstore.VehicleMapLoader" id="vehicleMapLoader"/>
    <bean class="com.ge.trans.loader.manual.cache.helper.CacheHelper" id="cacheHelper"/>
    <bean class="com.ge.trans.loader.manual.cache.helper.CacheUtil" id="cacheUtil"/>
</blueprint>
