<?xml version="1.0" encoding="UTF-8"?>
<blueprint xmlns="http://www.osgi.org/xmlns/blueprint/v1.0.0" xmlns:camel="http://camel.apache.org/schema/blueprint" xmlns:cm="http://aries.apache.org/blueprint/xmlns/blueprint-cm/v1.0.0"
    xmlns:ext="http://aries.apache.org/blueprint/xmlns/blueprint-ext/v1.0.0" xmlns:xsi="http://www.w3.org/2001/XMLSchema-instance"
    xsi:schemaLocation="            http://www.osgi.org/xmlns/blueprint/v1.0.0 http://www.osgi.org/xmlns/blueprint/v1.0.0/blueprint.xsd            http://camel.apache.org/schema/blueprint http://camel.apache.org/schema/blueprint/camel-blueprint.xsd">


    <camelContext id="manual-cache-context" threadNamePattern="#camelId#-#longName#-#counter#" xmlns="http://camel.apache.org/schema/blueprint">
        <camel:template id="cacheProducerTemplate" />

        <camel:route id="findParamDefinitionRoute">
            <from uri="direct:findParamDefinition" />
            <camel:log loggingLevel="INFO" message="findParamDefinitionRoute  begins" />
            <!-- <camel:setBody> <camel:simple>${property.ORIGINAL_REQUEST}</camel:simple> </camel:setBody> -->
            <camel:bean ref="cacheHelper" method="generateParamDefinitionRequest" />
            <camel:to uri="bean:manualLoaderDataAPI?method=findParamDefinition(${body})" />
            <camel:log loggingLevel="INFO" message="findParamDefinitionRoute ends" />
        </camel:route>


        <camel:route id="findVehicleInfoRoute">
            <from uri="direct:findVehicleInfo" />
            <camel:log loggingLevel="INFO" message="findVehicleInfoRoute  begins" />
            <!-- <camel:setBody> <camel:simple>${property.ORIGINAL_REQUEST}</camel:simple> </camel:setBody> -->
            <camel:bean ref="cacheHelper" method="generateVehicleRequest" />
            <camel:to uri="bean:manualLoaderDataAPI?method=findVehicleDetails(${body})" />
            <camel:log loggingLevel="INFO" message="findVehicleInfoRoute ends" />
        </camel:route>

        <camel:route id="findFaultCodeDefinitionRoute">
            <from uri="direct:findFaultCodeDefinition" />
            <camel:log loggingLevel="INFO" message="findFaultCodeDefinitionRoute begins" />
            <!-- <camel:setBody> <camel:simple>${property.ORIGINAL_REQUEST}</camel:simple> </camel:setBody> -->
            <camel:bean ref="cacheHelper" method="generateFaultCodeRequest" />
            <camel:to uri="bean:manualLoaderDataAPI?method=findFaultCodeDefinition(${body})" />
            <camel:log loggingLevel="INFO" message="findFaultCodeDefinitionRoute ends" />
        </camel:route>

        <camel:route id="getVehicleMapRoute">
            <from uri="direct:getVehicleMap" />
            <camel:log loggingLevel="INFO" message="getVehicleMapRoute begins" />
            <camel:setProperty propertyName="ORIGINAL_REQUEST">
                <camel:simple>${body}</camel:simple>
            </camel:setProperty>
            <setHeader headerName="CamelHazelcastOperationType">
                <constant>get</constant>
            </setHeader>
            <camel:bean ref="cacheHelper" method="generateVehicleMapKey" />
            <camel:setHeader headerName="CamelHazelcastObjectId">
                <camel:simple>${body}</camel:simple>
            </camel:setHeader>
            <camel:log loggingLevel="INFO" message="BEFORE MAP GET OPERATION ${body}" />
            <to uri="hazelcast:map:vehicleMap" />
            <camel:log loggingLevel="INFO" message="getVehicleMapRoute ends  ${body}" />
        </camel:route>

        <camel:route id="getFaultCodeDefinitionMapRoute">
            <from uri="direct:getFaultCodeDefinitionMap" />
            <camel:log loggingLevel="INFO" message="getFaultCodeDefinitionMapRoute begins" />
            <camel:setProperty propertyName="ORIGINAL_REQUEST">
                <camel:simple>${body}</camel:simple>
            </camel:setProperty>
            <setHeader headerName="CamelHazelcastOperationType">
                <constant>get</constant>
            </setHeader>
            <camel:bean ref="cacheHelper" method="generateFaultCodeDefinitionMapKey" />
            <camel:setHeader headerName="CamelHazelcastObjectId">
                <camel:simple>${body}</camel:simple>
            </camel:setHeader>
            <camel:log loggingLevel="INFO" message="BEFORE MAP GET OPERATION ${body}" />
            <to uri="hazelcast:map:faultMap" />
            <camel:log loggingLevel="INFO" message="getFaultCodeDefinitionMapRoute ends  ${body}" />
        </camel:route>

        <camel:route id="findParamDefinitionMapRoute">
            <from uri="direct:findParamDefinitionMap" />
            <camel:log loggingLevel="INFO" message="findParamDefinitionMapRoute begins" />
            <camel:setProperty propertyName="ORIGINAL_REQUEST">
                <camel:simple>${body}</camel:simple>
            </camel:setProperty>
            <setHeader headerName="CamelHazelcastOperationType">
                <constant>get</constant>
            </setHeader>
            <camel:bean ref="cacheHelper" method="generateParamDefinitionMapKey" />
            <camel:setHeader headerName="CamelHazelcastObjectId">
                <camel:simple>${body}</camel:simple>
            </camel:setHeader>
            <camel:log loggingLevel="INFO" message="BEFORE MAP GET OPERATION ${body}" />
            <to uri="hazelcast:map:paramDefMap" />
            <camel:log loggingLevel="INFO" message="findParamDefinitionMapRoute ends  ${body}" />
        </camel:route>

    </camelContext>
</blueprint>
