<?xml version="1.0" encoding="UTF-8"?>
<blueprint xmlns="http://www.osgi.org/xmlns/blueprint/v1.0.0" xmlns:xsi="http://www.w3.org/2001/XMLSchema-instance"
	xsi:schemaLocation="
	http://www.osgi.org/xmlns/blueprint/v1.0.0
	http://www.osgi.org/xmlns/blueprint/v1.0.0/blueprint.xsd
	http://camel.apache.org/schema/blueprint
	http://camel.apache.org/schema/blueprint/camel-blueprint.xsd">

	<bean id="dataSource" class="org.apache.commons.dbcp2.BasicDataSource" destroy-method="close">
		<property name="driverClassName" value="oracle.jdbc.OracleDriver" />
		<property name="url" value="jdbc:oracle:thin:@cingeteoadbd-scan.cloud.ge.com:1621/ttprmdd" />
		<property name="username" value="gets_app_program" />
		<property name="password" value="Pr0duc3r" />
		<property name="poolPreparedStatements" value="false" />
		<property name="maxTotal" value="100" />
		<property name="maxIdle" value="10" />
		<property name="minIdle" value="5" />
		<property name="maxWaitMillis" value="30000" />
		<property name="defaultAutoCommit" value="true" />
		<property name="initialSize" value="50" />
		<property name="logAbandoned" value="true" />
		<property name="removeAbandonedOnBorrow" value="true" />
		<property name="removeAbandonedTimeout" value="60" />
		<property name="testOnBorrow" value="true" />
		<property name="testOnReturn" value="true" />
		<property name="validationQuery" value="SELECT 1 from dual" />
		<property name="minEvictableIdleTimeMillis" value="60000" />
		<property name="timeBetweenEvictionRunsMillis" value="60000" />
		<property name="testWhileIdle" value="true" />
	</bean>

	<bean id="sql" class="org.apache.camel.component.sql.SqlComponent">
		<property name="dataSource" ref="dataSource" />
	</bean>

	<camelContext xmlns="http://camel.apache.org/schema/blueprint">

		<route autoStartup="false">
			<from uri="timer:foo?period=15000" />
			<log message="firing sql component"></log>
			<to uri="direct:fireSql" />
		</route>

		<route id="timerToLog">
			<from uri="direct:fireSql" />
			<log message="Executing query 1" />
			<setHeader headerName="custID">
				<simple>CSX</simple>
			</setHeader>
			<setHeader headerName="vehicleInitial">
				<simple>CSX</simple>
			</setHeader>
			<setHeader headerName="vehicleNumber">
				<simple>4000</simple>
			</setHeader>
			<to
				uri="sql:select vehicle_objid as LOCOID, vehicle_hdr as CUSTID,vehicle_no as ROADNO, vehicle_hdr_no AS VEHICLE_HDR_NO from gets_rmd_cust_rnh_rn_v where vehicle_hdr = :#vehicleInitial and org_id = :#custID and vehicle_no = :#vehicleNumber" />
			<log message="The message contains ${body}" />
			<setHeader headerName="locoId">
				<simple>1000</simple>
			</setHeader>
			<setHeader headerName="source">
				<simple>QNX</simple>
			</setHeader>
			<log message="Executing query 2" />
			<to uri="sql:SELECT objid FROM gets_rmd.gets_rmd_msg_seq_hdr WHERE loco_id = :#locoId and source = :#source"></to>
			<log message="The message contains ${body}" />
			<setHeader headerName="controllerSourceID">
				<simple>25</simple>
			</setHeader>
			<setHeader headerName="subId">
				<simple>00</simple>
			</setHeader>
			<setHeader headerName="faultCode">
				<simple>81-F001</simple>
			</setHeader>
			<log message="Executing query 3" />
			<to
				uri="sql:SELECT fltcode.objid            AS OBJID , fltcode.fault_code            AS FAULT_CODE, fltcode.fault_desc            AS FAULT_DESC, NVL(fltstr.critical_flag,'N') AS CRITICAL_FLAG FROM gets_rmd_fault_codes fltcode, gets_rmd_flt_strategy fltstr WHERE fltcode.objid              =fltstr.flt_strat2flt_code AND fltcode.fault_code           = :#faultCode AND fltcode.sub_id               = :#subId AND fltcode.controller_source_id = :#controllerSourceID" />
			<log message="The message contains ${body}" />
			<to uri="mock:result" />
		</route>
	</camelContext>

</blueprint>
