<?xml version="1.0" encoding="UTF-8"?>
<hazelcast xsi:schemaLocation="http://www.hazelcast.com/schema/config hazelcast-config-3.5.xsd" xmlns="http://www.hazelcast.com/schema/config" xmlns:xsi="http://www.w3.org/2001/XMLSchema-instance">
    <group>
        <name>manual-qa</name>
        <password>manual-qa</password>
    </group>

    <properties>
        <property name="hazelcast.slow.operation.detector.stacktrace.logging.enabled">true</property>
        <property name="hazelcast.logging.type">slf4j</property>
        <property name="instance.name">manual-hz-instance</property>
        <property name="hazelcast.instance.name">manual-hz-instance</property>
    </properties>

    <network>
        <port auto-increment="true">6701</port>
        <join>
            <multicast enabled="false">                
            </multicast>
            <tcp-ip enabled="true">
            <members>10.42.148.239,10.42.148.238</members>                     
            </tcp-ip>
        </join>
    </network>

    <executor-service>
        <pool-size>64</pool-size>
    </executor-service>

    <map name="vehicleMap">
        <statistics-enabled>true</statistics-enabled>
        <map-store enabled="true" initial-mode="EAGER">
            <class-name>com.ge.trans.loader.manual.cache.mapstore.VehicleMapLoader</class-name>
        </map-store>
        <in-memory-format>BINARY</in-memory-format>
        <backup-count>0</backup-count>
        <eviction-policy>LRU</eviction-policy>
        <max-size>500</max-size>
        <!-- <merge-policy>hz.ADD_NEW_ENTRY</merge-policy> -->
    </map>

    <map name="faultMap">
        <statistics-enabled>true</statistics-enabled>
        <map-store enabled="true" initial-mode="EAGER">
            <class-name>com.ge.trans.loader.manual.cache.mapstore.FaultMapLoader</class-name>
        </map-store>
        <in-memory-format>BINARY</in-memory-format>
        <backup-count>0</backup-count>
        <eviction-policy>LRU</eviction-policy>
        <max-size>500</max-size>
        <!-- <merge-policy>hz.ADD_NEW_ENTRY</merge-policy> -->
    </map>

    <map name="paramDefMap">
        <statistics-enabled>true</statistics-enabled>
        <map-store enabled="true" initial-mode="EAGER">
            <class-name>com.ge.trans.loader.manual.cache.mapstore.ParamDefinitionMapLoader</class-name>
        </map-store>
        <in-memory-format>BINARY</in-memory-format>
        <backup-count>0</backup-count>
        <eviction-policy>LRU</eviction-policy>
        <max-size>500</max-size>
        <!-- <merge-policy>hz.ADD_NEW_ENTRY</merge-policy> -->
    </map>

</hazelcast>