<?xml version="1.0" encoding="UTF-8"?>
<order xmlns="http://com.mycompany/examples/order">

    <customer id="C0003">
        <name>Columbus Zoo and Aquarium</name>
        <city>Columbus</city>
        <country>US</country>
    </customer>

    <date>2012-03-03</date>

    <orderlines>
        <orderline>
            <article id="C0003">
                <description>Camel</description>
            </article>
            <quantity>100</quantity>
        </orderline>
        <orderline>
            <article id="C0333">
                <description>Crocodile</description>
            </article>
            <quantity>1</quantity>
        </orderline>
    </orderlines>
</order>
