<?xml version="1.0" encoding="UTF-8"?>
<features xmlns="http://karaf.apache.org/xmlns/features/v1.0.0" xmlns:xsi="http://www.w3.org/2001/XMLSchema-instance" xsi:schemaLocation="http://karaf.apache.org/xmlns/features/v1.0.0 http://karaf.apache.org/xmlns/features/v1.0.0"
    name="com.ge.trans.loader.feature">

    <feature name="loader-common" version="${loader.project.version}" start-level="200">
        <feature>camel-core</feature>
        <feature>camel-jaxb</feature>
        <feature>camel-spring</feature>
        <feature>camel-sql</feature>
        <feature>camel-jms</feature>
        <feature>camel-jxpath</feature>
        <feature>camel-blueprint</feature>
        <feature>camel-mail</feature>
        <feature>camel-bindy</feature>
        <feature>camel-velocity</feature>
        <feature>camel-quartz2</feature>
        <feature>spring-jdbc</feature>
        <feature>cxf-core</feature>
        <feature>cxf-jaxrs</feature>
        <feature>cxf-http</feature>
        <feature>cxf-rs-security-oauth2</feature>
        <feature>camel-jackson</feature>
         <feature>camel-hazelcast</feature>
    </feature>

    <feature name="loader-wrapper" version="${loader.project.version}" start-level="210">
        <bundle start-level="60">wrap:mvn:com.oracle/ojdbc6/${loader.framework.ojdbc.version}$Bundle-SymbolicName=ojdbc6&amp;Bundle-Version=${loader.framework.ojdbc.version}</bundle>
        <bundle start-level="60">wrap:mvn:commons-beanutils/commons-beanutils/${loader.project.beanutils.version}$Bundle-SymbolicName=commons-beanutils&amp;Bundle-Version=${loader.project.beanutils.version}</bundle>
        <bundle start-level="60">wrap:mvn:org.apache.servicemix.bundles/org.apache.servicemix.bundles.cglib/${loader.framework.servicemix.bundles.version}$Bundle-SymbolicName=cglib&amp;Bundle-Version=${loader.framework.servicemix.bundles.version}</bundle>
        <bundle start-level="60">wrap:mvn:org.apache.servicemix.bundles/org.apache.servicemix.bundles.xerces/${loader.framework.xercesImpl.version}$Bundle-SymbolicName=xerces&amp;Bundle-Version=${loader.framework.xercesImpl.version}</bundle>
        <bundle start-level="60">wrap:mvn:org.apache.commons/commons-pool2/${loader.framework.pool2.version}$Bundle-SymbolicName=commons-pool2&amp;Bundle-Version=${loader.framework.pool2.version}</bundle>
        <bundle start-level="60">wrap:mvn:org.apache.commons/commons-dbcp2/${loader.framework.dbcp2.version}$Bundle-SymbolicName=commons-dbcp2&amp;Bundle-Version=${loader.framework.dbcp2.version}</bundle>
        <bundle start-level="60">wrap:mvn:commons-httpclient/commons-httpclient/3.1</bundle>
        <bundle start-level="60">wrap:mvn:javax.ws.rs/javax.ws.rs-api/2.0.1</bundle>
        <bundle start-level="60">wrap:mvn:org.apache.httpcomponents/httpclient/4.2.1</bundle>
        <bundle start-level="60">wrap:mvn:org.codehaus.jackson/jackson-jaxrs/1.9.9</bundle>
        <bundle start-level="60">mvn:org.codehaus.jackson/jackson-mapper-asl/1.9.9</bundle>
        <bundle start-level="60">mvn:org.codehaus.jackson/jackson-core-asl/1.9.9</bundle>
    </feature>

    <feature name="loader-hazelcast" version="${loader.project.version}" start-level="220">
        <bundle start-level="60">mvn:com.hazelcast/hazelcast-all/${loader.project.hazelcast.version}</bundle>
    </feature>

    <feature name="loader-mq" version="${loader.project.version}" start-level="230">
        <bundle start-level="60">mvn:com.ibm/com.ibm.mq.osgi.java/${loader.project.ibm.version}</bundle>
        <bundle start-level="60">mvn:com.ibm/com.ibm.msg.client.osgi.commonservices.j2se/${loader.project.ibm.version}</bundle>
        <bundle start-level="60">mvn:com.ibm/com.ibm.msg.client.osgi.jms/${loader.project.ibm.version}</bundle>
        <bundle start-level="60">mvn:com.ibm/com.ibm.msg.client.osgi.jms.prereq/${loader.project.ibm.version}</bundle>
        <bundle start-level="60">mvn:com.ibm/com.ibm.msg.client.osgi.nls/${loader.project.ibm.version}</bundle>
        <bundle start-level="60">mvn:com.ibm/com.ibm.msg.client.osgi.wmq/${loader.project.ibm.version}</bundle>
        <bundle start-level="60">mvn:com.ibm/com.ibm.msg.client.osgi.wmq.nls/${loader.project.ibm.version}</bundle>
        <bundle start-level="60">mvn:com.ibm/com.ibm.msg.client.osgi.wmq.prereq/${loader.project.ibm.version}</bundle>
        <bundle start-level="60">mvn:com.ibm/com.ibm.mq.osgi.directip/${loader.project.ibm.version}</bundle>
    </feature>

    <feature name="manual-loader-common" version="${loader.project.version}" start-level="240">
        <bundle start-level="70">mvn:com.ge.trans.loader.common/loader-util/${loader.project.module.loader.util.version}</bundle>
        <bundle start-level="70">mvn:com.ge.trans.loader.common/loader-common/${loader.project.module.loader.common.version}</bundle>
        <bundle start-level="70">mvn:com.ge.trans.loader.common/loader-error-handler/${loader.project.module.loader.error.handler.version}</bundle>
        <bundle start-level="70">mvn:com.ge.trans.loader.common/loader-common-persistence/${loader.project.module.loader.persistence.version}</bundle>
    </feature>

    <feature name="manual-loader" version="${loader.project.version}" start-level="250">
    	<bundle start-level="70">mvn:com.ge.trans.loader.manual/manual-loader-vo/${manual.loader.vo.version}</bundle>
        <bundle start-level="70">mvn:com.ge.trans.loader.manual/manual-loader-decoder/${manual.loader.decoder.version}</bundle>
        <bundle start-level="70">mvn:com.ge.trans.loader.manual/manual-loader-persistence-api/${manual.loader.persistence.api.version}</bundle>
        <bundle start-level="90">mvn:com.ge.trans.loader.manual/manual-loader-persistence-impl/${manual.loader.persistence.version}</bundle>
        <bundle start-level="90">mvn:com.ge.trans.loader.manual/manual-loader-cache/${manual.loader.cache.version}</bundle>
        <bundle start-level="100">mvn:com.ge.trans.loader.manual/manual-loader-eservice-client/${manual.loader.eservice.client.version}</bundle>
        <bundle start-level="100">mvn:com.ge.trans.loader.manual/manual-loader-service/${manual.loader.service.version}</bundle>
    </feature>

    <feature name="common-props" version="${loader.project.version}" start-level="200">
        <configfile override="true" finalname="${karaf.home}/etc/com.ge.trans.loader.common.props.cfg">mvn:com.ge.trans.loader.common/loader-feature/${loader.project.module.loader.feature.version}/cfg/loader-queries</configfile>
        <configfile override="true" finalname="${karaf.home}/etc/com.ge.trans.loader.manual.props.cfg">mvn:com.ge.trans.loader.manual/manual-loader-feature/${manual.loader.feature.version}/cfg/loader-queries</configfile>
        <configfile override="true" finalname="${karaf.home}/etc/ktz-message-rules-definition.xml">mvn:com.ge.trans.loader.manual/manual-loader-feature/${manual.loader.feature.version}/xml/ktz-message-rules-definition</configfile>
    </feature>

    <feature name="local-props" version="${loader.project.version}" start-level="200">
        <configfile override="true" finalname="${karaf.home}/etc/com.ge.trans.loader.common.datasource.cfg">mvn:com.ge.trans.loader.common/loader-feature/${loader.project.module.loader.feature.version}/cfg/loader-datasource-dev</configfile>
        <configfile override="true" finalname="${karaf.home}/etc/com.ge.trans.loader.common.mq.cfg">mvn:com.ge.trans.loader.manual/manual-loader-feature/${manual.loader.feature.version}/cfg/loader-common-mq-local</configfile>
        <configfile override="true" finalname="${karaf.home}/etc/com.ge.trans.loader.manual.datasource.cfg">mvn:com.ge.trans.loader.manual/manual-loader-feature/${manual.loader.feature.version}/cfg/loader-datasource-local</configfile>
        <configfile override="true" finalname="${karaf.home}/etc/com.ge.trans.loader.manual.ftp.cfg">mvn:com.ge.trans.loader.manual/manual-loader-feature/${manual.loader.feature.version}/cfg/loader-ftp-local</configfile>
        <configfile override="true" finalname="${karaf.home}/etc/hazelcast-manual-loader.xml">mvn:com.ge.trans.loader.manual/manual-loader-feature/${manual.loader.feature.version}/xml/hazelcast-manual-loader-local</configfile>
    </feature>

    <feature name="dev-props" version="${loader.project.version}" start-level="200">
        <configfile override="true" finalname="${karaf.home}/etc/com.ge.trans.loader.common.datasource.cfg">mvn:com.ge.trans.loader.common/loader-feature/${loader.project.module.loader.feature.version}/cfg/loader-datasource-dev</configfile>
        <configfile override="true" finalname="${karaf.home}/etc/com.ge.trans.loader.common.mq.cfg">mvn:com.ge.trans.loader.manual/manual-loader-feature/${manual.loader.feature.version}/cfg/loader-common-mq-dev</configfile>
        <configfile override="true" finalname="${karaf.home}/etc/com.ge.trans.loader.manual.datasource.cfg">mvn:com.ge.trans.loader.manual/manual-loader-feature/${manual.loader.feature.version}/cfg/loader-datasource-dev</configfile>
        <configfile override="true" finalname="${karaf.home}/etc/com.ge.trans.loader.manual.ftp.cfg">mvn:com.ge.trans.loader.manual/manual-loader-feature/${manual.loader.feature.version}/cfg/loader-ftp-dev</configfile>
        <configfile override="true" finalname="${karaf.home}/etc/hazelcast-manual-loader.xml">mvn:com.ge.trans.loader.manual/manual-loader-feature/${manual.loader.feature.version}/xml/hazelcast-manual-loader-dev</configfile>
    </feature>

    <feature name="qa-props" version="${loader.project.version}" start-level="200">
        <configfile override="true" finalname="${karaf.home}/etc/com.ge.trans.loader.common.datasource.cfg">mvn:com.ge.trans.loader.common/loader-feature/${loader.project.module.loader.feature.version}/cfg/loader-datasource-qa</configfile>
        <configfile override="true" finalname="${karaf.home}/etc/com.ge.trans.loader.common.mq.cfg">mvn:com.ge.trans.loader.manual/manual-loader-feature/${manual.loader.feature.version}/cfg/loader-common-mq-qa</configfile>
        <configfile override="true" finalname="${karaf.home}/etc/com.ge.trans.loader.manual.datasource.cfg">mvn:com.ge.trans.loader.manual/manual-loader-feature/${manual.loader.feature.version}/cfg/loader-datasource-qa</configfile>
        <configfile override="true" finalname="${karaf.home}/etc/com.ge.trans.loader.manual.ftp.cfg">mvn:com.ge.trans.loader.manual/manual-loader-feature/${manual.loader.feature.version}/cfg/loader-ftp-qa</configfile>
        <configfile override="true" finalname="${karaf.home}/etc/hazelcast-manual-loader.xml">mvn:com.ge.trans.loader.manual/manual-loader-feature/${manual.loader.feature.version}/xml/hazelcast-manual-loader-qa</configfile>
    </feature>

    <feature name="prod-props" version="${loader.project.version}" start-level="200">
        <configfile override="true" finalname="${karaf.home}/etc/com.ge.trans.loader.common.datasource.cfg">mvn:com.ge.trans.loader.common/loader-feature/${loader.project.module.loader.feature.version}/cfg/loader-datasource-prod</configfile>
        <configfile override="true" finalname="${karaf.home}/etc/com.ge.trans.loader.common.mq.cfg">mvn:com.ge.trans.loader.manual/manual-loader-feature/${manual.loader.feature.version}/cfg/loader-common-mq-prod</configfile>
        <configfile override="true" finalname="${karaf.home}/etc/com.ge.trans.loader.manual.datasource.cfg">mvn:com.ge.trans.loader.manual/manual-loader-feature/${manual.loader.feature.version}/cfg/loader-datasource-prod</configfile>
        <configfile override="true" finalname="${karaf.home}/etc/com.ge.trans.loader.manual.ftp.cfg">mvn:com.ge.trans.loader.manual/manual-loader-feature/${manual.loader.feature.version}/cfg/loader-ftp-prod</configfile>
        <configfile override="true" finalname="${karaf.home}/etc/hazelcast-manual-loader.xml">mvn:com.ge.trans.loader.manual/manual-loader-feature/${manual.loader.feature.version}/xml/hazelcast-manual-loader-prod</configfile>
    </feature>

    <feature name="manual-all-bundles" version="${loader.project.version}" start-level="200">
        <feature>common-props</feature>
        <feature>loader-common</feature>
        <feature>loader-wrapper</feature>
        <feature>loader-mq</feature>
        <feature>manual-loader-common</feature>
        <feature>manual-loader</feature>
    </feature>

    <feature name="manual-loader-local" version="${loader.project.version}">
        <feature>local-props</feature>
        <feature>manual-all-bundles</feature>
    </feature>

    <feature name="manual-loader-dev" version="${loader.project.version}">
        <feature>dev-props</feature>
        <feature>manual-all-bundles</feature>
    </feature>

    <feature name="manual-loader-qa" version="${loader.project.version}">
        <feature>qa-props</feature>
        <feature>manual-all-bundles</feature>
    </feature>

    <feature name="manual-loader-prod" version="${loader.project.version}">
        <feature>prod-props</feature>
        <feature>manual-all-bundles</feature>
    </feature>

</features>
