<?xml version="1.0" encoding="UTF-8"?>
<blueprint xmlns="http://www.osgi.org/xmlns/blueprint/v1.0.0" xmlns:xsi="http://www.w3.org/2001/XMLSchema-instance" xsi:schemaLocation="        http://www.osgi.org/xmlns/blueprint/v1.0.0 http://www.osgi.org/xmlns/blueprint/v1.0.0/blueprint.xsd        http://camel.apache.org/schema/blueprint http://camel.apache.org/schema/blueprint/camel-blueprint.xsd">
    <bean class="com.ge.trans.loader.HelloBean" id="helloBean">
        <property name="say" value="Hi from Camel"/>
    </bean>
    <camelContext id="quartzCluster" xmlns="http://camel.apache.org/schema/blueprint">
        <!-- <route id="timerToLog">
            <from id="_from1" uri="timer:foo?period=5000"/>
            <setBody id="_setBody1">
                <method method="hello" ref="helloBean"/>
            </setBody>
            <log id="_log1" message="The message contains ${body}"/>
            <to id="_to1" uri="mock:result"/>
        </route> -->
        <route id="durableJobRoute">
            <from id="durableJobFromEndpoint" uri="quartz2://myGroup/durableJobRoute?trigger.repeatCount=3&amp;durableJob=true&amp;recoverableJob=true&amp;cron=0/2+*+*+*+*+?"/>
            <setBody id="_setBody2">
                <simple>Fired: ${header.CamelCreatedTimestamp}</simple>
            </setBody>
            <bean id="_bean1" method="testCamelQuartz(${body})" ref="quartztesting"/>
            <log id="_log8" message="${body}"/>
            <to id="_to2" uri="mock:result"/>
        </route>
    </camelContext>
    <bean class="com.ge.trans.loader.QuartzTesting" id="quartztesting"/>
    <!-- <bean class="org.apache.commons.dbcp2.BasicDataSource" destroy-method="close" id="quartzDataSource">
        <property name="driverClassName" value="oracle.jdbc.OracleDriver"/>
        <property name="url" value="jdbc:oracle:thin:@cingeteoadbd-scan.cloud.ge.com:1621/ttprmdd"/>
        <property name="username" value="gets_rmd_developer"/>
        <property name="password" value="Wel_123Come"/>
    </bean> -->
    <!--  <bean id="quartz" class="org.apache.camel.component.quartz.QuartzComponent">
    <property name="scheduler" ref="schedulerFactoryBean"/>
  </bean>  -->
    <bean class="org.apache.camel.component.quartz2.QuartzComponent" id="quartz2">
        <property name="propertiesFile" value="org/quartz/quartz.properties"/>
    </bean>
    <!-- <bean class="org.springframework.scheduling.quartz.SchedulerFactoryBean" id="schedulerFactoryBean">
        <property name="dataSource" ref="quartzDataSource"/>
        <property name="autoStartup" value="false"/>
        <property name="schedulerContextAsMap">
            hook Camel into Quartz
            <map>
                CamelJob makes use of the following key below to find the same Job as we failover to 'app-two'
                QuartzConstants.QUARTZ_CAMEL_CONTEXT + "-" + camelContextName 
                <entry key="CamelQuartzCamelContext" value-ref="quartzCluster" />
            </map>
        </property>
        <property name="quartzProperties">
            <props>
                <prop key="org.quartz.scheduler.instanceName">myscheduler</prop>
                <prop key="org.quartz.scheduler.instanceId">AUTO</prop>
                <prop key="org.quartz.scheduler.skipUpdateCheck">true</prop>
                <prop key="org.quartz.jobStore.driverDelegateClass">org.quartz.impl.jdbcjobstore.oracle.OracleDelegate</prop>
                <prop key="org.quartz.jobStore.isClustered">false</prop>
                <prop key="org.quartz.jobStore.tablePrefix">GETS_RMD.QRTZ_</prop>
                <prop key="org.quartz.jobStore.class">org.quartz.impl.jdbcjobstore.JobStoreTX</prop>
                <prop key="org.quartz.jobStore.clusterCheckinInterval">5000</prop>
            </props>
        </property>
    </bean> -->
    <!--  <camelContext xmlns="http://camel.apache.org/schema/blueprint" id="quartzCluster" managementNamePattern="#name#">
    <route id="clusteredRoute">
      <from uri="quartz://clustergroup/clusterTimerName?job.name=demoQuartzCluster&amp;cron=0/5+*+*+*+*+?"/>
      <log message="Fired quartz cluster trigger"/>
    </route>
  </camelContext> -->
</blueprint>
