<?xml version="1.0" encoding="UTF-8"?>
<ktzmessage skip="11">
    <incident tagHeader="GETS_LMS_ESERV_FAULT" tableName="GETS_TOOL_FAULT" faultSetsize="3">
        <field-name>
            <id>1</id>
            <tagName>OBJID</tagName>
            <start-pos>0</start-pos>
            <end-pos>4</end-pos>
            <columnName>OBJID</columnName>
            <logic></logic>
            <default-tag-value>GETS_LMS_ESERV_FAULT_INTF_S.nextval</default-tag-value>
            <default-tag-quote>false</default-tag-quote>
            <default-column-value>GETS_TOOL_FAULT_SEQ.nextval</default-column-value>
            <default-column-quote>false</default-column-quote>
            <skip></skip>
        </field-name>
        <field-name>
            <id>2</id>
            <tagName>X_FAULT_CODE</tagName>
            <start-pos>0</start-pos>
            <end-pos>4</end-pos>
            <columnName>FAULT_CODE</columnName>
            <logic></logic>
            <default-tag-value></default-tag-value>
            <default-tag-quote>true</default-tag-quote>
            <default-column-value></default-column-value>
            <default-column-quote>true</default-column-quote>
            <skip></skip>
        </field-name>

        <field-name>
            <id>75</id>
            <tagName>x_occur_time</tagName>
            <start-pos>5</start-pos>
            <end-pos>29</end-pos>
            <logic>com.ge.trans.loader.manual.brightstar.utils.CommonUtility~convertTime</logic>
            <default-tag-value></default-tag-value>
            <default-tag-quote>true</default-tag-quote>
            <default-column-value></default-column-value>
            <default-column-quote>true</default-column-quote>
            <skip></skip>
        </field-name>
        <field-name>
            <id>3</id>
            <tagName>X_OCCUR_DATE</tagName>
            <start-pos>9</start-pos>
            <end-pos>29</end-pos>
            <columnName>OCCUR_DATE</columnName>
            <logic>com.ge.trans.loader.manual.brightstar.utils.CommonUtility~string2Time</logic>
            <default-tag-value></default-tag-value>
            <default-tag-quote>false</default-tag-quote>
            <default-column-value></default-column-value>
            <default-column-quote>false</default-column-quote>
            <skip></skip>
        </field-name>
        <field-name>
            <id>4</id>
            <tagName>X_RESET_DATE</tagName>
            <start-pos>34</start-pos>
            <end-pos>54</end-pos>
            <columnName>FAULT_RESET_DATE</columnName>
            <logic>com.ge.trans.loader.manual.brightstar.utils.CommonUtility~string2Time</logic>
            <default-tag-value></default-tag-value>
            <default-tag-quote>false</default-tag-quote>
            <default-column-value></default-column-value>
            <default-column-quote>false</default-column-quote>
            <skip></skip>
        </field-name>
        <field-name>
            <id>8</id>
            <tagName>X_LOCO_SPEED</tagName>
            <start-pos>56</start-pos>
            <end-pos>60</end-pos>
            <logic>com.ge.trans.loader.manual.brightstar.utils.CommonUtility~convertKPH2Miles</logic>
            <default-tag-value></default-tag-value>
            <default-tag-quote>true</default-tag-quote>
            <default-column-value></default-column-value>
            <default-column-quote>true</default-column-quote>
            <skip></skip>
        </field-name>
        <field-name>
            <id>9</id>
            <tagName>X_DIRECTION</tagName>
            <start-pos>61</start-pos>
            <end-pos>62</end-pos>
            <logic></logic>
            <default-tag-value></default-tag-value>
            <default-tag-quote>true</default-tag-quote>
            <default-column-value></default-column-value>
            <default-column-quote>true</default-column-quote>
            <skip></skip>
        </field-name>
        <field-name>
            <id>10</id>
            <tagName>X_NOTCH</tagName>
            <start-pos>64</start-pos>
            <end-pos>65</end-pos>
            <logic></logic>
            <default-tag-value></default-tag-value>
            <default-tag-quote>true</default-tag-quote>
            <default-column-value></default-column-value>
            <default-column-quote>true</default-column-quote>
            <skip></skip>
        </field-name>
        <field-name>
            <id>11</id>
            <tagName>X_ENG_SPEED</tagName>
            <start-pos>66</start-pos>
            <end-pos>71</end-pos>
            <logic></logic>
            <default-tag-value></default-tag-value>
            <default-tag-quote>true</default-tag-quote>
            <default-column-value></default-column-value>
            <default-column-quote>true</default-column-quote>
            <skip></skip>
        </field-name>
        <field-name>
            <id>12</id>
            <tagName>X_VOLTS</tagName>
            <start-pos>72</start-pos>
            <end-pos>75</end-pos>
            <logic></logic>
            <default-tag-value></default-tag-value>
            <default-tag-quote>true</default-tag-quote>
            <default-column-value></default-column-value>
            <default-column-quote>true</default-column-quote>
            <skip></skip>
        </field-name>
        <field-name>
            <id>13</id>
            <tagName>X_CURRENT_AMPS</tagName>
            <start-pos>76</start-pos>
            <end-pos>80</end-pos>
            <logic></logic>
            <default-tag-value></default-tag-value>
            <default-tag-quote>true</default-tag-quote>
            <default-column-value></default-column-value>
            <default-column-quote>true</default-column-quote>
            <skip></skip>
        </field-name>
        <field-name>
            <id>14</id>
            <tagName>X_FLD_AMPS</tagName>
            <start-pos>81</start-pos>
            <end-pos>84</end-pos>
            <logic></logic>
            <default-tag-value></default-tag-value>
            <default-tag-quote>true</default-tag-quote>
            <default-column-value></default-column-value>
            <default-column-quote>true</default-column-quote>
            <skip></skip>
        </field-name>
        <field-name>
            <id>15</id>
            <tagName>X_TEMP_WATER</tagName>
            <start-pos>85</start-pos>
            <end-pos>88</end-pos>
            <logic></logic>
            <default-tag-value></default-tag-value>
            <default-tag-quote>true</default-tag-quote>
            <default-column-value></default-column-value>
            <default-column-quote>true</default-column-quote>
            <skip></skip>
        </field-name>
        <field-name>
            <id>16</id>
            <tagName>X_TEMP_OIL</tagName>
            <start-pos>89</start-pos>
            <end-pos>92</end-pos>
            <logic></logic>
            <default-tag-value></default-tag-value>
            <default-tag-quote>true</default-tag-quote>
            <default-column-value></default-column-value>
            <default-column-quote>true</default-column-quote>
            <skip></skip>
        </field-name>
        <field-name>
            <id>17</id>
            <tagName>X_RADFAN</tagName>
            <start-pos>95</start-pos>
            <end-pos>96</end-pos>
            <logic></logic>
            <default-tag-value></default-tag-value>
            <default-tag-quote>true</default-tag-quote>
            <default-column-value></default-column-value>
            <default-column-quote>true</default-column-quote>
            <skip></skip>

        </field-name>
        <field-name>
            <id>18</id>
            <tagName>X_HP</tagName>
            <start-pos>97</start-pos>
            <end-pos>101</end-pos>
            <logic></logic>
            <default-tag-value></default-tag-value>
            <default-tag-quote>true</default-tag-quote>
            <default-column-value></default-column-value>
            <default-column-quote>true</default-column-quote>
            <skip></skip>
        </field-name>


        <field-name>
            <id>19</id>
            <start-pos>188</start-pos>
            <end-pos>203</end-pos>
            <tagName>X_CUST_ID</tagName>
            <logic></logic>
            <default-tag-value></default-tag-value>
            <default-tag-quote>true</default-tag-quote>
            <default-column-value></default-column-value>
            <default-column-quote>true</default-column-quote>
            <skip></skip>
        </field-name>
        <field-name>
            <id>20</id>
            <start-pos>204</start-pos>
            <end-pos>233</end-pos>
            <tagName>X_CUST_NAME</tagName>
            <logic></logic>
            <default-tag-value></default-tag-value>
            <default-tag-quote>true</default-tag-quote>
            <default-column-value></default-column-value>
            <default-column-quote>true</default-column-quote>
            <skip></skip>
        </field-name>
        <field-name>
            <id>21</id>
            <start-pos>234</start-pos>
            <end-pos>248</end-pos>
            <tagName>X_LOCO_ID</tagName>
            <logic></logic>
            <default-tag-value></default-tag-value>
            <default-tag-quote>true</default-tag-quote>
            <default-column-value></default-column-value>
            <default-column-quote>true</default-column-quote>
            <skip></skip>
        </field-name>
        <field-name>
            <id>22</id>
            <start-pos>249</start-pos>
            <end-pos>253</end-pos>
            <tagName>X_ROAD_NUMBER</tagName>
            <logic></logic>
            <default-tag-value></default-tag-value>
            <default-tag-quote>true</default-tag-quote>
            <default-column-value></default-column-value>
            <default-column-quote>true</default-column-quote>
            <skip></skip>
        </field-name>
        <field-name>
            <id>23</id>
            <start-pos>249</start-pos>
            <end-pos>253</end-pos>
            <tagName>LAST_UPDATE_DATE</tagName>
            <columnName>LAST_UPDATED_DATE</columnName>
            <logic></logic>
            <default-tag-value>to_char(sysdate,'DD-Mon-YYYY HH24:MI:SS')</default-tag-value>
            <default-tag-quote>false</default-tag-quote>
            <default-column-value>to_char(sysdate,'DD-Mon-YYYY HH24:MI:SS')</default-column-value>
            <default-column-quote>false</default-column-quote>
            <skip></skip>
        </field-name>
        <field-name>
            <id>24</id>
            <start-pos>249</start-pos>
            <end-pos>253</end-pos>
            <tagName>LAST_UPDATED_BY</tagName>
            <columnName>LAST_UPDATED_BY</columnName>
            <logic></logic>
            <default-tag-value>100</default-tag-value>
            <default-tag-quote>true</default-tag-quote>
            <default-column-value>BRIGHTSTAR_LOADER</default-column-value>
            <default-column-quote>true</default-column-quote>
            <skip></skip>
        </field-name>
        <field-name>
            <id>25</id>
            <start-pos>249</start-pos>
            <end-pos>253</end-pos>
            <tagName>CREATION_DATE</tagName>
            <columnName>CREATION_DATE</columnName>
            <logic></logic>
            <default-tag-value>to_char(sysdate,'DD-Mon-YYYY HH24:MI:SS')</default-tag-value>
            <default-tag-quote>false</default-tag-quote>
            <default-column-value>to_char(sysdate,'DD-Mon-YYYY HH24:MI:SS')</default-column-value>
            <default-column-quote>false</default-column-quote>
            <skip></skip>
        </field-name>
        <field-name>
            <id>26</id>
            <start-pos>249</start-pos>
            <end-pos>253</end-pos>
            <tagName>CREATED_BY</tagName>
            <columnName>CREATED_BY</columnName>
            <logic></logic>
            <default-tag-value>100</default-tag-value>
            <default-tag-quote>true</default-tag-quote>
            <default-column-value>BRIGHTSTAR_LOADER</default-column-value>
            <default-column-quote>true</default-column-quote>
            <skip></skip>
        </field-name>
        <field-name>
            <id>53</id>
            <start-pos>0</start-pos>
            <end-pos>0</end-pos>
            <columnName>RECORD_TYPE</columnName>
            <logic></logic>
            <default-tag-value></default-tag-value>
            <default-tag-quote>true</default-tag-quote>
            <default-column-value>STP</default-column-value>
            <default-column-quote>true</default-column-quote>
            <skip></skip>
        </field-name>
        <field-name>
            <id>54</id>
            <start-pos>0</start-pos>
            <end-pos>0</end-pos>
            <columnName>SUB_ID</columnName>
            <logic></logic>
            <default-tag-value></default-tag-value>
            <default-tag-quote>true</default-tag-quote>
            <default-column-value>00</default-column-value>
            <default-column-quote>true</default-column-quote>
            <skip></skip>
        </field-name>
        <field-name>
            <id>55</id>
            <start-pos>0</start-pos>
            <end-pos>0</end-pos>
            <columnName>CONTROLLER_SOURCE_ID</columnName>
            <logic></logic>
            <default-tag-value></default-tag-value>
            <default-tag-quote>true</default-tag-quote>
            <default-column-value>26</default-column-value>
            <default-column-quote>true</default-column-quote>
            <skip></skip>
        </field-name>
        <field-name>
            <id>56</id>
            <tagName>X_FLT_INDEX</tagName>
            <start-pos>186</start-pos>
            <end-pos>189</end-pos>
            <columnName>FAULT_INDEX</columnName>
            <logic></logic>
            <default-tag-value></default-tag-value>
            <default-tag-quote>true</default-tag-quote>
            <default-column-value></default-column-value>
            <default-column-quote>true</default-column-quote>
            <skip></skip>
        </field-name>

        <field-name>
            <id>58</id>
            <tagName>X_OFBRD_LOAD_DATE</tagName>
            <start-pos>184</start-pos>
            <end-pos>187</end-pos>
            <columnName>OFFBOARD_LOAD_DATE</columnName>
            <logic></logic>
            <default-tag-value>to_char(sysdate,'DD-Mon-YYYY HH24:MI:SS')</default-tag-value>
            <default-tag-quote>false</default-tag-quote>
            <default-column-value>to_char(sysdate,'DD-Mon-YYYY HH24:MI:SS')</default-column-value>
            <default-column-quote>false</default-column-quote>
            <skip></skip>
        </field-name>

        <field-name>
            <id>61</id>
            <start-pos>228</start-pos>
            <end-pos>253</end-pos>
            <columnName>FAULT2VEHICLE</columnName>
            <logic>com.ge.trans.loader.manual.brightstar.utils.CommonUtility~getFault2vehicle</logic>
            <default-tag-value></default-tag-value>
            <default-tag-quote>true</default-tag-quote>
            <default-column-value></default-column-value>
            <default-column-quote>false</default-column-quote>
            <skip></skip>
        </field-name>
        <field-name>
            <id>62</id>
            <start-pos>0</start-pos>
            <end-pos>4</end-pos>
            <columnName>FAULT2FAULT_CODE</columnName>
            <logic>com.ge.trans.loader.manual.brightstar.utils.CommonUtility~getFault2fault_code</logic>
            <default-tag-value></default-tag-value>
            <default-tag-quote>true</default-tag-quote>
            <default-column-value></default-column-value>
            <default-column-quote>false</default-column-quote>
            <skip></skip>
        </field-name>
        <field-name>
            <id>63</id>
            <start-pos>0</start-pos>
            <end-pos>0</end-pos>
            <columnName>GETS_MSG_ID</columnName>
            <logic></logic>
            <default-tag-value></default-tag-value>
            <default-tag-quote>true</default-tag-quote>
            <default-column-value>GETS_RMD.GETS_MSG_ID_SEQ.NEXTVAL</default-column-value>
            <default-column-quote>true</default-column-quote>
            <skip></skip>
        </field-name>
        <field-name>
            <id>64</id>
            <start-pos>228</start-pos>
            <end-pos>253</end-pos>
            <columnName>FLT_RST_LOAD_DATE</columnName>
            <logic></logic>
            <default-tag-value></default-tag-value>
            <default-tag-quote>true</default-tag-quote>
            <default-column-value>to_char(sysdate,'DD-Mon-YYYY HH24:MI:SS')</default-column-value>
            <default-column-quote>false</default-column-quote>
            <skip></skip>
        </field-name>
        <field-name>
            <id>65</id>
            <start-pos>9</start-pos>
            <end-pos>29</end-pos>
            <columnName>OCCUR_TIME</columnName>
            <logic>com.ge.trans.loader.manual.brightstar.utils.CommonUtility~getConvertedDateTime</logic>
            <default-tag-value></default-tag-value>
            <default-tag-quote>false</default-tag-quote>
            <default-column-value></default-column-value>
            <default-column-quote>false</default-column-quote>
            <skip></skip>
        </field-name>
        <field-name>
            <id>66</id>
            <start-pos>34</start-pos>
            <end-pos>54</end-pos>
            <columnName>FAULT_RESET_TIME</columnName>
            <logic>com.ge.trans.loader.manual.brightstar.utils.CommonUtility~getConvertedDateTime</logic>
            <default-tag-value></default-tag-value>
            <default-tag-quote>false</default-tag-quote>
            <default-column-value></default-column-value>
            <default-column-quote>false</default-column-quote>
            <skip></skip>
        </field-name>
    </incident>
    <snapshot faultSetsize="1" tagHeader="GETS_LMS_ESERV_FAULT" tableName="GETS_TOOLS.GETS_TOOL_MP_BS">
        <field-name>
            <id>27</id>
            <columnName>OBJID</columnName>
            <start-pos>0</start-pos>
            <end-pos>0</end-pos>
            <logic></logic>
            <default-tag-value></default-tag-value>
            <default-tag-quote>true</default-tag-quote>
            <default-column-value>GETS_TOOL_MP_BS_SEQ.NEXTVAL</default-column-value>
            <default-column-quote>false</default-column-quote>
            <skip></skip>
        </field-name>
        <field-name>
            <id>59</id>
            <columnName>PARM2FAULT</columnName>
            <start-pos>0</start-pos>
            <end-pos>0</end-pos>
            <logic></logic>
            <default-tag-value></default-tag-value>
            <default-tag-quote>true</default-tag-quote>
            <default-column-value>GETS_TOOL_FAULT_SEQ.CURRVAL</default-column-value>
            <default-column-quote>false</default-column-quote>
            <skip></skip>
        </field-name>
        <field-name>
            <id>60</id>
            <columnName>SAMPLE_NO</columnName>
            <start-pos>48</start-pos>
            <end-pos>53</end-pos>
            <logic>com.ge.trans.loader.manual.brightstar.utils.CommonUtility~checkPreCurPost</logic>
            <default-tag-value></default-tag-value>
            <default-tag-quote>true</default-tag-quote>
            <default-column-value></default-column-value>
            <default-column-quote>true</default-column-quote>
            <skip></skip>
        </field-name>
        <field-name>
            <id>28</id>

            <start-pos>56</start-pos>
            <end-pos>60</end-pos>
            <columnName>MP_6151_N_0_0</columnName>
            <logic></logic>
            <default-tag-value></default-tag-value>
            <default-tag-quote>true</default-tag-quote>
            <default-column-value></default-column-value>
            <default-column-quote>true</default-column-quote>
            <skip></skip>
        </field-name>

        <field-name>
            <id>29</id>

            <start-pos>61</start-pos>
            <end-pos>62</end-pos>
            <columnName>MP_Direction</columnName>
            <logic></logic>
            <default-tag-value></default-tag-value>
            <default-tag-quote>true</default-tag-quote>
            <default-column-value></default-column-value>
            <default-column-quote>true</default-column-quote>
            <skip></skip>
        </field-name>
        <field-name>
            <id>30</id>

            <start-pos>64</start-pos>
            <end-pos>65</end-pos>
            <columnName>MP_Notch</columnName>
            <logic></logic>
            <default-tag-value></default-tag-value>
            <default-tag-quote>false</default-tag-quote>
            <default-column-value></default-column-value>
            <default-column-quote>true</default-column-quote>
            <skip></skip>
        </field-name>
        <field-name>
            <id>31</id>

            <start-pos>67</start-pos>
            <end-pos>71</end-pos>
            <columnName>MP_6004_N_0_0</columnName>
            <logic></logic>
            <default-tag-value></default-tag-value>
            <default-tag-quote>true</default-tag-quote>
            <default-column-value></default-column-value>
            <default-column-quote>true</default-column-quote>
            <skip></skip>
        </field-name>
        <field-name>
            <id>32</id>

            <start-pos>72</start-pos>
            <end-pos>75</end-pos>
            <columnName>MP_6011_N_0_0</columnName>
            <logic></logic>
            <default-tag-value></default-tag-value>
            <default-tag-quote>true</default-tag-quote>
            <default-column-value></default-column-value>
            <default-column-quote>true</default-column-quote>
            <skip></skip>
        </field-name>
        <field-name>
            <id>33</id>

            <start-pos>76</start-pos>
            <end-pos>80</end-pos>
            <columnName>MP_6013_N_0_0</columnName>
            <logic></logic>
            <default-tag-value></default-tag-value>
            <default-tag-quote>true</default-tag-quote>
            <default-column-value></default-column-value>
            <default-column-quote>true</default-column-quote>
            <skip></skip>
        </field-name>
        <field-name>
            <id>34</id>

            <start-pos>81</start-pos>
            <end-pos>84</end-pos>
            <columnName>MP_6015_N_0_0</columnName>
            <logic></logic>
            <default-tag-value></default-tag-value>
            <default-tag-quote>true</default-tag-quote>
            <default-column-value></default-column-value>
            <default-column-quote>true</default-column-quote>
            <skip></skip>
        </field-name>
        <field-name>
            <id>35</id>

            <start-pos>86</start-pos>
            <end-pos>88</end-pos>
            <columnName>MP_6339_N_0_0</columnName>
            <logic></logic>
            <default-tag-value></default-tag-value>
            <default-tag-quote>true</default-tag-quote>
            <default-column-value></default-column-value>
            <default-column-quote>true</default-column-quote>
            <skip></skip>
        </field-name>
        <field-name>
            <id>36</id>
            <start-pos>90</start-pos>
            <end-pos>92</end-pos>
            <columnName>MP_6343_N_0_0</columnName>
            <logic></logic>
            <default-tag-value></default-tag-value>
            <default-tag-quote>true</default-tag-quote>
            <default-column-value></default-column-value>
            <default-column-quote>true</default-column-quote>
            <skip></skip>
        </field-name>
        <field-name>
            <id>37</id>
            <start-pos>93</start-pos>
            <end-pos>94</end-pos>
            <columnName>MP_6027_N_0_0</columnName>
            <logic></logic>
            <default-tag-value></default-tag-value>
            <default-tag-quote>true</default-tag-quote>
            <default-column-value></default-column-value>
            <default-column-quote>true</default-column-quote>
            <skip></skip>
        </field-name>
        <field-name>
            <id>38</id>
            <start-pos>95</start-pos>
            <end-pos>96</end-pos>
            <columnName>MP_6028_N_0_0</columnName>
            <logic></logic>
            <default-tag-value></default-tag-value>
            <default-tag-quote>true</default-tag-quote>
            <default-column-value></default-column-value>
            <default-column-quote>true</default-column-quote>
            <skip></skip>
        </field-name>
        <field-name>
            <id>39</id>

            <start-pos>97</start-pos>
            <end-pos>101</end-pos>
            <columnName>MP_6006_N_0_0</columnName>
            <logic></logic>
            <default-tag-value></default-tag-value>
            <default-tag-quote>true</default-tag-quote>
            <default-column-value></default-column-value>
            <default-column-quote>true</default-column-quote>
            <skip></skip>
        </field-name>
        <field-name>
            <id>40</id>
            <start-pos>103</start-pos>
            <end-pos>107</end-pos>
            <columnName>MP_6327_N_0_0</columnName>
            <logic>com.ge.trans.loader.manual.brightstar.utils.CommonUtility~convertKgSqcm2PSI</logic>
            <default-tag-value></default-tag-value>
            <default-tag-quote>true</default-tag-quote>
            <default-column-value></default-column-value>
            <default-column-quote>true</default-column-quote>
            <skip></skip>
        </field-name>
        <field-name>
            <id>41</id>
            <start-pos>109</start-pos>
            <end-pos>114</end-pos>
            <columnName>MP_6331_N_0_0</columnName>
            <logic>com.ge.trans.loader.manual.brightstar.utils.CommonUtility~convertKgSqcm2PSI</logic>
            <default-tag-value></default-tag-value>
            <default-tag-quote>true</default-tag-quote>
            <default-column-value></default-column-value>
            <default-column-quote>true</default-column-quote>
            <skip></skip>
        </field-name>
        <field-name>
            <id>42</id>
            <start-pos>116</start-pos>
            <end-pos>118</end-pos>
            <columnName>MP_6070_N_0_0</columnName>
            <logic></logic>
            <default-tag-value></default-tag-value>
            <default-tag-quote>true</default-tag-quote>
            <default-column-value></default-column-value>
            <default-column-quote>true</default-column-quote>
            <skip></skip>
        </field-name>
        <field-name>
            <id>43</id>
            <start-pos>120</start-pos>
            <end-pos>122</end-pos>
            <columnName>MP_6337_N_0_0</columnName>
            <logic>com.ge.trans.loader.manual.brightstar.utils.CommonUtility~convertCelsius2Farenheit</logic>
            <default-tag-value></default-tag-value>
            <default-tag-quote>true</default-tag-quote>
            <default-column-value></default-column-value>
            <default-column-quote>true</default-column-quote>
            <skip></skip>
        </field-name>
        <field-name>
            <id>44</id>
            <start-pos>124</start-pos>
            <end-pos>127</end-pos>
            <columnName>MP_6319_N_0_0</columnName>
            <logic></logic>
            <default-tag-value></default-tag-value>
            <default-tag-quote>true</default-tag-quote>
            <default-column-value></default-column-value>
            <default-column-quote>true</default-column-quote>
            <skip></skip>
        </field-name>
        <field-name>
            <id>45</id>
            <start-pos>128</start-pos>
            <end-pos>132</end-pos>
            <columnName>MP_6329_N_0_0</columnName>
            <logic>com.ge.trans.loader.manual.brightstar.utils.CommonUtility~convertKgSqcm2PSI</logic>
            <default-tag-value></default-tag-value>
            <default-tag-quote>true</default-tag-quote>
            <default-column-value></default-column-value>
            <default-column-quote>true</default-column-quote>
            <skip></skip>
        </field-name>
        <field-name>
            <id>46</id>
            <start-pos>133</start-pos>
            <end-pos>141</end-pos>
            <columnName>MP_Engr_Bits</columnName>
            <logic></logic>
            <default-tag-value></default-tag-value>
            <default-tag-quote>true</default-tag-quote>
            <default-column-value></default-column-value>
            <default-column-quote>true</default-column-quote>
            <skip></skip>
        </field-name>
        <field-name>
            <id>47</id>
            <columnName>LAST_UPDATED_DATE</columnName>
            <start-pos>249</start-pos>
            <end-pos>253</end-pos>
            <logic></logic>
            <default-tag-value>to_char(sysdate,'DD-Mon-YYYY HH24:MI:SS')</default-tag-value>
            <default-tag-quote>false</default-tag-quote>
            <default-column-value>to_char(sysdate,'DD-Mon-YYYY HH24:MI:SS')</default-column-value>
            <default-column-quote>false</default-column-quote>
            <skip></skip>
        </field-name>
        <field-name>
            <id>48</id>
            <columnName>LAST_UPDATED_BY</columnName>
            <start-pos>249</start-pos>
            <end-pos>253</end-pos>
            <logic></logic>
            <default-tag-value>100</default-tag-value>
            <default-tag-quote>true</default-tag-quote>
            <default-column-value>100</default-column-value>
            <default-column-quote>true</default-column-quote>
            <skip></skip>
        </field-name>
        <field-name>
            <id>49</id>
            <columnName>CREATION_DATE</columnName>
            <start-pos>249</start-pos>
            <end-pos>253</end-pos>
            <logic></logic>
            <default-tag-value>to_char(sysdate,'DD-Mon-YYYY HH24:MI:SS')</default-tag-value>
            <default-tag-quote>false</default-tag-quote>
            <default-column-value>to_char(sysdate,'DD-Mon-YYYY HH24:MI:SS')</default-column-value>
            <default-column-quote>false</default-column-quote>
            <skip></skip>
        </field-name>
        <field-name>
            <id>50</id>
            <columnName>CREATED_BY</columnName>
            <start-pos>249</start-pos>
            <end-pos>253</end-pos>
            <logic></logic>
            <default-tag-value>100</default-tag-value>
            <default-tag-quote>true</default-tag-quote>
            <default-column-value>100</default-column-value>
            <default-column-quote>true</default-column-quote>
            <skip></skip>
        </field-name>
    </snapshot>

</ktzmessage>

