<?xml version="1.0" encoding="UTF-8"?>
<ktzMessageVO skip="11">
	<incident faultSetsize="3">
		<field>
			<id>1</id>
			<name>faultCode</name>
			<start-pos>0</start-pos>
			<end-pos>4</end-pos>
			<logic></logic>
			<default-value></default-value>
		</field>
		<field>
			<id>2</id>
			<name>occurDate</name>
			<start-pos>9</start-pos>
			<end-pos>29</end-pos>
			<logic></logic>
			<default-value></default-value>
		</field>
		<field>
			<id>3</id>
			<name>occurTime</name>
			<start-pos>9</start-pos>
			<end-pos>29</end-pos>
			<logic>com.ge.trans.loader.manual.bs.utils.BrightStarLoaderUtils~getConvertedDateTime</logic>
			<default-value></default-value>
		</field>
		<field>
			<id>4</id>
			<name>faultResetDate</name>
			<start-pos>34</start-pos>
			<end-pos>54</end-pos>
			<logic></logic>
			<default-value></default-value>
		</field>
		<field>
			<id>5</id>
			<name>faultResetTime</name>
			<start-pos>34</start-pos>
			<end-pos>54</end-pos>
			<logic>com.ge.trans.loader.manual.bs.utils.BrightStarLoaderUtils~getConvertedDateTime</logic>
			<default-value></default-value>
		</field>
		<field>
			<id>6</id>
			<name>locoSpeed</name>
			<start-pos>56</start-pos>
			<end-pos>60</end-pos>
			<logic>com.ge.trans.loader.manual.bs.utils.BrightStarLoaderUtils~convertKPH2Miles</logic>
			<default-value></default-value>
		</field>
		<field>
			<id>7</id>
			<name>direction</name>
			<start-pos>61</start-pos>
			<end-pos>62</end-pos>
			<logic></logic>
			<default-value></default-value>
		</field>
		<field>
			<id>8</id>
			<name>notch</name>
			<start-pos>64</start-pos>
			<end-pos>65</end-pos>
			<logic></logic>
			<default-value></default-value>
		</field>
		<field>
			<id>9</id>
			<name>engineSpeed</name>
			<start-pos>65</start-pos>
			<end-pos>71</end-pos>
			<logic></logic>
			<default-value></default-value>
		</field>
		<field>
			<id>10</id>
			<name>volts</name>
			<start-pos>72</start-pos>
			<end-pos>75</end-pos>
			<logic></logic>
			<default-value></default-value>
		</field>
		<field>
			<id>11</id>
			<name>currentAmps</name>
			<start-pos>76</start-pos>
			<end-pos>80</end-pos>
			<logic></logic>
			<default-value></default-value>
		</field>
		<field>
			<id>12</id>
			<name>fldAmps</name>
			<start-pos>81</start-pos>
			<end-pos>84</end-pos>
			<logic></logic>
			<default-value></default-value>
		</field>
		<field>
			<id>13</id>
			<name>waterTemp</name>
			<start-pos>85</start-pos>
			<end-pos>88</end-pos>
			<logic></logic>
			<default-value></default-value>
		</field>
		<field>
			<id>14</id>
			<name>oilTemp</name>
			<start-pos>89</start-pos>
			<end-pos>92</end-pos>
			<logic></logic>
			<default-value></default-value>
		</field>
		<field>
			<id>15</id>
			<name>radFan</name>
			<start-pos>95</start-pos>
			<end-pos>96</end-pos>
			<logic></logic>
			<default-value></default-value>
		</field>
		<field>
			<id>16</id>
			<name>hp</name>
			<start-pos>97</start-pos>
			<end-pos>101</end-pos>
			<logic></logic>
			<default-value></default-value>
		</field>
		<field>
			<id>17</id>
			<name>customerId</name>
			<start-pos>188</start-pos>
			<end-pos>203</end-pos>
			<logic></logic>
			<default-value></default-value>
		</field>
		<field>
			<id>18</id>
			<name>customerName</name>
			<start-pos>204</start-pos>
			<end-pos>233</end-pos>
			<logic></logic>
			<default-value></default-value>
		</field>
		<field>
			<id>19</id>
			<name>locoId</name>
			<start-pos>234</start-pos>
			<end-pos>248</end-pos>
			<logic></logic>
			<default-value></default-value>
		</field>
		<field>
			<id>20</id>
			<name>vehicleNo</name>
			<start-pos>249</start-pos>
			<end-pos>253</end-pos>
			<logic></logic>
			<default-value></default-value>
		</field>
		<field>
			<id>21</id>
			<name>recordType</name>
			<start-pos>0</start-pos>
			<end-pos>0</end-pos>
			<logic></logic>
			<default-value>STP</default-value>
		</field>
		<field>
			<id>22</id>
			<name>subId</name>
			<start-pos>0</start-pos>
			<end-pos>0</end-pos>
			<logic></logic>
			<default-value>00</default-value>
		</field>
		<field>
			<id>23</id>
			<name>controllerSourceId</name>
			<start-pos>0</start-pos>
			<end-pos>0</end-pos>
			<logic></logic>
			<default-value>26</default-value>
		</field>
		<field>
			<id>24</id>
			<name>faultIndex</name>
			<start-pos>186</start-pos>
			<end-pos>188</end-pos>
			<logic></logic>
			<default-value></default-value>
		</field>
		<field>
			<id>25</id>
			<name>offboardLoadDate</name>
			<start-pos>184</start-pos>
			<end-pos>187</end-pos>
			<logic></logic>
			<default-value></default-value>
		</field>
		<field>
			<id>26</id>
			<name>faultResetLoadDate</name>
			<start-pos>228</start-pos>
			<end-pos>253</end-pos>
			<logic></logic>
			<default-value></default-value>
		</field>
		<field>
			<id>27</id>
			<name>eservicesOccurTime</name>
			<start-pos>5</start-pos>
			<end-pos>29</end-pos>
			<logic>com.ge.trans.loader.manual.bs.utils.BrightStarLoaderUtils~getOccurTimeForEservices</logic>
			<default-value></default-value>
		</field>
	</incident>
	<snapshot faultSetsize="1" tableName="GETS_TOOLS.GETS_TOOL_MP_BS">
		<field>
			<id>1</id>
			<name>SAMPLE_NO</name>
			<start-pos>48</start-pos>
			<end-pos>53</end-pos>
			<logic>com.ge.trans.loader.manual.bs.utils.BrightStarLoaderUtils~checkPreCurPost</logic>
			<default-value></default-value>
		</field>
		<field>
			<id>2</id>
			<name>MP_6151_N_0_0</name>
			<start-pos>55</start-pos>
			<end-pos>60</end-pos>
			<logic></logic>
			<default-value></default-value>
		</field>
		<field>
			<id>3</id>
			<name>MP_Direction</name>
			<start-pos>61</start-pos>
			<end-pos>62</end-pos>
			<logic></logic>
			<default-value></default-value>
		</field>
		<field>
			<id>4</id>
			<name>MP_6002_N_0_0</name>
			<start-pos>64</start-pos>
			<end-pos>65</end-pos>
			<logic></logic>
			<default-value></default-value>
		</field>
		<field>
			<id>5</id>
			<name>MP_6004_N_0_0</name>
			<start-pos>66</start-pos>
			<end-pos>71</end-pos>
			<logic></logic>
			<default-value></default-value>
		</field>
		<field>
			<id>6</id>
			<name>MP_6011_N_0_0</name>
			<start-pos>72</start-pos>
			<end-pos>75</end-pos>
			<logic></logic>
			<default-value></default-value>
		</field>
		<field>
			<id>7</id>
			<name>MP_6013_N_0_0</name>
			<start-pos>76</start-pos>
			<end-pos>80</end-pos>
			<logic></logic>
			<default-value></default-value>
		</field>
		<field>
			<id>8</id>
			<name>MP_6015_N_0_0</name>
			<start-pos>81</start-pos>
			<end-pos>84</end-pos>
			<logic></logic>
			<default-value></default-value>
		</field>
		<field>
			<id>9</id>
			<name>MP_6339_N_0_0</name>
			<start-pos>85</start-pos>
			<end-pos>88</end-pos>
			<logic></logic>
			<default-value></default-value>
		</field>
		<field>
			<id>10</id>
			<name>MP_6343_N_0_0</name>
			<start-pos>89</start-pos>
			<end-pos>92</end-pos>
			<logic></logic>
			<default-value></default-value>
		</field>
		<field>
			<id>11</id>
			<name>MP_6027_N_0_0</name>
			<start-pos>93</start-pos>
			<end-pos>94</end-pos>
			<logic></logic>
			<default-value></default-value>
		</field>
		<field>
			<id>12</id>
			<name>MP_6028_N_0_0</name>
			<start-pos>95</start-pos>
			<end-pos>96</end-pos>
			<logic></logic>
			<default-value></default-value>
		</field>
		<field>
			<id>13</id>
			<name>MP_6006_N_0_0</name>
			<start-pos>97</start-pos>
			<end-pos>101</end-pos>
			<logic></logic>
			<default-value></default-value>
		</field>
		<field>
			<id>14</id>
			<name>MP_6327_N_0_0</name>
			<start-pos>103</start-pos>
			<end-pos>107</end-pos>
			<logic>com.ge.trans.loader.manual.bs.utils.BrightStarLoaderUtils~convertKgSqcm2PSI</logic>
			<default-value></default-value>
		</field>
		<field>
			<id>15</id>
			<name>MP_6331_N_0_0</name>
			<start-pos>109</start-pos>
			<end-pos>114</end-pos>
			<logic>com.ge.trans.loader.manual.bs.utils.BrightStarLoaderUtils~convertKgSqcm2PSI</logic>
			<default-value></default-value>
		</field>
		<field>
			<id>16</id>
			<name>MP_6070_N_0_0</name>
			<start-pos>115</start-pos>
			<end-pos>118</end-pos>
			<logic></logic>
			<default-value></default-value>
		</field>
		<field>
			<id>17</id>
			<name>MP_6337_N_0_0</name>
			<start-pos>120</start-pos>
			<end-pos>122</end-pos>
			<logic>com.ge.trans.loader.manual.bs.utils.BrightStarLoaderUtils~convertCelsius2Farenheit</logic>
			<default-value></default-value>
		</field>
		<field>
			<id>18</id>
			<name>MP_6319_N_0_0</name>
			<start-pos>124</start-pos>
			<end-pos>127</end-pos>
			<logic></logic>
			<default-value></default-value>
		</field>
		<field>
			<id>19</id>
			<name>MP_6329_N_0_0</name>
			<start-pos>128</start-pos>
			<end-pos>132</end-pos>
			<logic>com.ge.trans.loader.manual.bs.utils.BrightStarLoaderUtils~convertKgSqcm2PSI</logic>
			<default-value></default-value>
		</field>
		<field>
			<id>20</id>
			<name>MP_Engr_Bits</name>
			<start-pos>133</start-pos>
			<end-pos>141</end-pos>
			<logic></logic>
			<default-value></default-value>
		</field>
	</snapshot>
</ktzMessageVO>

