<?xml version="1.0" encoding="UTF-8"?>
<blueprint xmlns="http://www.osgi.org/xmlns/blueprint/v1.0.0" xmlns:camel="http://camel.apache.org/schema/blueprint" xmlns:xsi="http://www.w3.org/2001/XMLSchema-instance" xsi:schemaLocation="              http://www.osgi.org/xmlns/blueprint/v1.0.0 http://www.osgi.org/xmlns/blueprint/v1.0.0/blueprint.xsd              http://camel.apache.org/schema/blueprint http://camel.apache.org/schema/blueprint/camel-blueprint.xsd">
    <camelContext id="eservice-client-context" threadNamePattern="#camelId#-#longName#-#counter#" typeConverterStatisticsEnabled="true" xmlns="http://camel.apache.org/schema/blueprint">
        <camel:template id="clientProducerTemplate"/>
        <camel:route id="sendToEserviceRoute">
            <camel:description>
        			This route will send request (JSON) message to Eservices Webservices.
        			This route will also receive response message (status) from Eservices webservices for the request being sent.
        			Such request and response will be persisted into DWH tables.
        	</camel:description>
            <camel:from id="_from1" uri="direct:sendToEService"/>
            <camel:onException id="_onException1">
                <camel:exception>com.ge.trans.loader.common.exception.LoaderRuntimeException</camel:exception>
                <camel:redeliveryPolicy backOffMultiplier="2" maximumRedeliveries="3" redeliveryDelay="5000" useExponentialBackOff="true"/>
                <camel:handled>
                    <camel:constant>true</camel:constant>
                </camel:handled>
                <camel:log id="_log1" message="************ Error in sendToEserviceRoute due to DB Connection ************"/>
            </camel:onException>
            <camel:onException id="_onException2">
                <camel:exception>java.lang.Exception</camel:exception>
                <camel:redeliveryPolicy backOffMultiplier="2" maximumRedeliveries="3" redeliveryDelay="5000" useExponentialBackOff="true"/>
                <camel:handled>
                    <camel:constant>true</camel:constant>
                </camel:handled>
                <camel:log id="_log2" message="EXCEPTION IN sendToEserviceRoute ${exception.message}"/>
                <camel:log id="_log3" message="EXCEPTION IN sendToEserviceRoute ${exception.stacktrace}"/>
            </camel:onException>
            <camel:log id="_log4" message="sendToEserviceRoute  BEGINS "/>
            <camel:to id="_to1" uri="bean:bsRestClient?method=processEServiceRequest(${body})"/>
            <camel:log id="_log5" message="sendToEserviceRoute  ends  here"/>
        </camel:route>
        <route id="logServiceRequestRoute">
            <description>
                This route is used to log all the received eservice request in DWH table
            </description>
            <from id="_from2" uri="direct:logServiceRequest"/>
            <camel:wireTap id="_wireTap1" uri="bean:messageLogAPI?method=logServiceRequest"/>
            <camel:log id="_log6" message="SERVICE REQUEST SENT FOR LOGGING"/>
        </route>
        <route id="updateServiceResponseRoute">
            <description>
                This route is used to update all the received eservice response in DWH table
            </description>
            <from id="_from3" uri="direct:updateServiceResponse"/>
            <camel:wireTap id="_wireTap2" uri="bean:messageLogAPI?method=updateServiceResponse"/>
            <camel:log id="_log7" message="SERVICE RESPONSE SENT FOR UPDATE"/>
        </route>
    </camelContext>
</blueprint>
