<?xml version="1.0" encoding="UTF-8"?>
<blueprint xmlns="http://www.osgi.org/xmlns/blueprint/v1.0.0" xmlns:cm="http://aries.apache.org/blueprint/xmlns/blueprint-cm/v1.1.0" xmlns:xsi="http://www.w3.org/2001/XMLSchema-instance"
    xsi:schemaLocation="        http://www.osgi.org/xmlns/blueprint/v1.0.0 http://www.osgi.org/xmlns/blueprint/v1.0.0/blueprint.xsd        http://camel.apache.org/schema/blueprint http://camel.apache.org/schema/blueprint/camel-blueprint.xsd">
    <cm:property-placeholder id="ftp.config.id" persistent-id="com.ge.trans.loader.manual.ftp" update-strategy="none" />
    <bean class="com.ge.trans.loader.manual.bs.eservice.client.impl.BSRestClient" id="bsRestClient" init-method="init">
        <property name="userPassword" value="${user.and.password}" />
        <property name="baseServiceURL" value="${rest.service.url}" />
        <property name="producerTemplate" ref="clientProducerTemplate" />
        <property name="clientSecret" value="${client.secret}" />
        <property name="clientName" value="${client.name}" />
        <property name="oauthUrl" value="${oauth.url}" />
        <property name="authRequired" value="${authentication.required}" />
    </bean>
</blueprint>
